Name,Current Price,Original Price,Discount,Brand,Rating,Review Count,Product Category
Nexus 5.5kg Twin Tub Washing Machine (NX-WM-5SA),141305,163914,14%,Nexus,4.3,517,Appliances
Glamstar 1.5HP Inverter Split Copper Air Conditioner (GAC-S12R4I-E) + Free Installation Kit & 12 Months Warranty,392400,470880,17%,Glamstar,4.6,204,Appliances
Haier Thermocool 146 Litres Chest Freezer (HTF-150) - Silver + 3 Years Warranty,358785,430840,17%,Haier Thermocool,4.4,133,Appliances
Syinix 2.2L Electric Kettle - Silver SKE22U1,6100,6369,4%,Syinix,4,1523,Appliances
SILVER CREST 2L Industrial 8500W Food Crusher Blender With 2 In 1 Functionality,23100,23652,2%,SILVER CREST,3.8,5111,Appliances
itel Multi-function Blender 1.5L  M1-Lite 350W Motor-easy Mixing,16976,26848,37%,itel,4.1,930,Appliances
HANSEN Electric Iron Pressing Clothes 1000W,6900,7011,2%,HANSEN,3.9,878,Appliances
Binatone Dry Iron (Di1255) + 2 Years Warranty,13650,16380,17%,Binatone,4,2341,Appliances
Boscon Auto Ignition Table Top Gas Cooker-2 Burner-Silver,15900,17615,10%,Boscon,3.6,305,Appliances
HANSEN 18 inches Industrial level standing fan,18500,19540,5%,HANSEN,4,181,Appliances
Binatone Binatone Smoother Gliding Steam Iron (SI-1605) - Blue + 2 Years Warranty.,14975,17970,17%,Binatone,4,6409,Appliances
SILVER CREST 6L Extra Large Capacity Digital AirFryer,39580,43580,9%,N/A,4.2,283,Appliances
Binatone 1.5 Litres Blender With Grinder 300W (BLG-410) - White + 2 Years Warranty,29960,35955,17%,Binatone,4.2,119,Appliances
Syinix 110mm Extra-Large Gas Cooker /11mm Copper Valveno-Rust,19999,21357,6%,Syinix,4.1,216,Appliances
Skyrun 70 Litres Double Door Top Mount Fridge (BCD-85HC) - Starry Night Black.,190320,193900,2%,Skyrun,3.7,211,Appliances
"SOLITEC 18"" Standing fan plus",20058,N/A,N/A,SOLITEC,3.9,517,Appliances
Hisense 7.5kg Twin Tub Washing Machine - (WSQB 753 (JF),189999,220399,14%,Hisense,4.2,1585,Appliances
Hc Rechargeable Standing Fan(C168) + Solar panel-White,42532,N/A,N/A,Hc,4.1,411,Appliances
TINMO 18 Inches Rechargeable Standing fan + 12 Months Warranty + Solar Panel & 2 bulbs,55999,58250,4%,N/A,4.1,651,Appliances
Aeon 4 Burner 50 x 50 Gas Cooker (AGC5040J) - Black,136960,158874,14%,Aeon,4.3,31,Appliances
Skyrun 4 Burners（4+0) Gas Cooker Automatic Ignition with 60L Oven - (GCS-4G/X) - Black,142140,146280,3%,Skyrun,4.1,571,Appliances
Hisense 20 Litres Microwave (H20MOWS14) - White With 1 Year Warranty,79999,81000,1%,Hisense,4.4,142,Appliances
National Star Sandwich Maker + 12 Months Warranty:model number - NG-205,12999,13967,7%,N/A,4,643,Appliances
Panasonic 8.0Liters Extra Large Capacity Airfryer-4500W,44900,65000,31%,Panasonic,4.4,29,Appliances
Aeon 5Kg Twin Tub Washing Machine (ATT05J),138600,167000,17%,Aeon,4.7,3,Appliances
SILVER CREST 6.5 Litres Extra Large Capacity Airfryer,45500,96000,53%,SILVER CREST,4.3,237,Appliances
Hisense 5kg Top Load Twin Tub Washing Machine (WM503-WSPA) With One Year Warranty,149350,155000,4%,Hisense,4.2,1812,Appliances
Boscon Auto Ignition Table Top Gas Cooker-2 Burner-Black,16499,17615,6%,Boscon,3.8,1887,Appliances
Aeon 90Litres Chest Freezer (ACF90GJ) - Dark Grey,189840,211119,10%,Aeon,4.4,7,Appliances
SILVER CREST 2 Litres German Industrial Blender 8500W,28390,45000,37%,SILVER CREST,3.9,3551,Appliances
Aeon 70L Double Door Fridge (ART85GJ) - Dark Grey,168480,195437,14%,Aeon,4,1,Appliances
itel 1.7L Electric Kettle Boil-Dry Protection 2000W Fast Heating,11748,33215,65%,N/A,4.4,186,Appliances
SILVER CREST Industrial 8500W Food Crusher Blender EXTRA MILL JAR,28500,45000,37%,SILVER CREST,3.9,41,Appliances
Syinix Electric Kettle-2.2L,8900,19000,53%,Syinix,4.1,80,Appliances
Nine 5L Extra Large Capacity Air Fryer,39500,75500,48%,N/A,4.1,913,Appliances
Qasa Ac/dc Dry Iron Inverter Frendly -300w 12V  QDL-300,14699,120000,88%,N/A,4.3,164,Appliances
SILVER CREST 2L Industrial 8500W 9525 Motor Dry Grinder Blender With 2 Jar,28700,45000,36%,SILVER CREST,4.1,16,Appliances
Glamstar 18 Inches Rechargeable Standing Fan  9GSF-938R) - Black,67990,69749,3%,N/A,4.1,749,Appliances
Humidifier For Bedroom Cool Mist Humidifiers Quiet USB,3904,9760,60%,Generic,3.7,90,Appliances
High Speed Fast Boiling Heating Electric Kettle,7890,N/A,N/A,Generic,4.3,23,Appliances
Nexus 1HP Split Air Conditioner (NX-MSSH9000SC) - White + Full Installation Kit & 2 Years Warranty,286200,343440,17%,Nexus,4.4,217,Appliances
Nexus 18 Inch Standing Fan (NX-SF5400B),26520,32900,19%,Nexus,4.1,3805,Appliances
Humidifier For Bedroom Cool Mist Humidifiers Quiet USB,3904,9760,60%,N/A,3.7,90,Appliances
Rechargeable Standing Fan 16lnch+LED Lights +Remote,67620,201379,66%,Generic,4.1,36,Appliances
Glamstar 18 Inches Rechargeable Standing Fan (GSF-938R-B) - White,59999 -  67990,69274 -  69748,14%,N/A,4.1,582,Appliances
Motor Dry Grinder Blender With 2 Jar,35000,40000,13%,N/A,3.9,20,Appliances
Aeon 150Litres Chest Freezer (ACF150GJ) - Dark Grey,222830,258483,14%,Aeon,2.5,2,Appliances
Pinnacle 5.5kg Twin tub Washing Machine (PWM-707),120671,N/A,N/A,N/A,4,497,Appliances
Skyrun 145L Chest Freezer (BD-145A) - Grey,260590,268180,3%,Skyrun,4.3,660,Appliances
Sun King Solar Fan With 20W Solar Panel,112784,135700,17%,Sun King,4.1,1396,Appliances
Skyrun 200l Chest Freezer BD-200A Grey,296100,338400,13%,Skyrun,4.2,125,Appliances
Scarlett 7 Speed Electric Hand Mixer Whisk Egg Beater Cake Baking,7999,11000,27%,Scarlett,3.6,21,Appliances
Haier Thermocool 200 Litres Chest Freezer (HTF-200) - Silver + 3 Years Warranty,404670,455785,11%,Haier Thermocool,4.3,415,Appliances
Hisense 1.5HP Split Air Conditioner (AS12TG1) - White With 1 Year Warranty.,347370,402949,14%,Hisense,4.4,163,Appliances
Feng Cheng 11 Cm Portable Stainless Heating Cup With Lid,5999,7900,24%,Feng Cheng,3.7,571,Appliances
Table Top Double Burner Gas Cooker WITH Auto Ignition,25200,35000,28%,Generic,4,80,Appliances
Goldcrown Dry Electric Pressing  Iron,11700,N/A,N/A,Goldcrown,4.1,1000,Appliances
Nine 250ML USB Mini Food Processor Rechargeable (K1228),7200,8500,15%,N/A,3.9,43,Appliances
Nexus 4 Burner  (4 + 0) Gas Cooker (GCCR-NX-5055B),146740,170218,14%,N/A,4.2,1115,Appliances
420Ml Ultrasonic Cool H2O Portable Humidifier,3795,13650,72%,Generic,3.8,99,Appliances
Philips Dry Iron- Fast And Efficient Guaranteed,19500,33000,41%,Philips,3.7,119,Appliances
Skyrun 85 Litres Double Door Top Mount Fridge (BCD-108J) - Silver.,204880,236400,13%,Skyrun,4,73,Appliances
TINMO Airfryer 10L Volume 8L Storage Capacity Model (OLM-KZB006) 1400W+ 12 Months Warranty,51999,55870,7%,N/A,3.9,116,Appliances
Whistle Stainless Steel Kettle-3Ltrs,8700,10000,13%,Generic,4.1,64,Appliances
7 Speed Electric Hand Mixer Whisk Egg Beater Cake Baking,7500,9000,17%,Generic,4.1,60,Appliances
Kamisafe Multi-functional Led Light Rechargeable Table Fan-(0336),18000,40000,55%,Kamisafe,4.4,343,Appliances
Quality Rechargeable Electric Mosquito Killer- Bat-Swatter,10499,N/A,N/A,Generic,3.6,35,Appliances
SILVER CREST 6.5L  Extra Large Capacity Digital AirFryer,45500,96000,53%,N/A,4.3,461,Appliances
2L Double Spray Humidifiers LED Light + 6 Aromatherapy Oil,12059,28706,58%,N/A,4,470,Appliances
Electric Hot Plate_ Double Burner & 6 Pcs Non Stick Spoon,26500,N/A,N/A,Generic,3.8,28,Appliances
LG Glass Thick Table Top Double Burner WITH Auto Ignition,37500,46000,18%,LG,4.2,168,Appliances
SILVER CREST Commercial Grinder Blender With Extra Mill Jar -8500W,28400,45000,37%,SILVER CREST,4.3,87,Appliances
"Duravolt 16""  AC/DC  Energy Saving Solar And Inverter Fan-18W",38700,49000,21%,Duravolt,4.1,271,Appliances
Skyrun 100L Chest Freezer (BD-90A) - Grey,221450,227900,3%,Skyrun,4.4,431,Appliances
4Inch USB Desk Quiet Airflow Cooling Fan For Home And Office,5700,19800,71%,N/A,3.9,179,Appliances
2L Double Spray Humidifier,16744,40250,58%,N/A,4.2,613,Appliances
SILVER CREST  Fast Cooking Electric Hot Plate (5000w),35998,65000,45%,SILVER CREST,4,29,Appliances
Syinix 2.2L Electric Kettle - Blue  SKE22U1,8045,N/A,N/A,Syinix,4.1,122,Appliances
Philips Classic Dry Iron  - Grey,19500,41000,52%,N/A,3.5,124,Appliances
Hisense 1.5HP Inverter Split Unit Air Conditioner (AS12DK1) with 1 Year Warranty,424085,491939,14%,Hisense,4.5,90,Appliances
Skyrun 118L Double Door Top Mount Fridge (BCD-118HC) - Black,244650,279600,13%,Skyrun,4.4,64,Appliances
Royal 1HP Split Basic Air Conditioner (MA09RSAS-R410),291600,349920,17%,Royal,4.5,209,Appliances
Inverter Friendly Solar Pressing Iron 300W,15500,28500,46%,Generic,4.1,85,Appliances
Bread Toaster/Sandwich Maker,14400,N/A,N/A,N/A,3.8,29,Appliances
Binatone 16 Inches Standing Fan (A1691) - Black + 2 Years Warranty,42075,50490,17%,N/A,4.3,1154,Appliances
Philips Classic Dry Iron (HD1172) - Grey,12500,40000,69%,N/A,4.2,49,Appliances
ALL FLYNG Energy Efficient Dry Iron - Electric Press Precision Tip Non Stick Soleplate  YPF-2003A,12450,14000,11%,ALL FLYNG,3.5,20,Appliances
Duravolt 16 Inches -3 In 1 Rechargeable Fan +Solar Panel + 2-Bulbs,76099,90000,15%,Duravolt,3.8,1028,Appliances
Hc Solar Rechargeable Standing Fan(C188) + Solar Panel Bulb & Screwdriver- Black,49430,N/A,N/A,Hc,4.1,173,Appliances
3 in 1 Mini Dry Portable Handheld USB Rechargeable Wireless Car Vacuum Cleaner,9405,10395,10%,Generic,3.6,34,Appliances
"Ox 18"" STANDING ELECTRIC FAN - 18 Inches",29645,33000,10%,N/A,4.4,250,Appliances
Iwin Mini Rechargeable Desktop Fan-(8038-A)G,9500,28530,67%,Iwin,3.7,265,Appliances
HITHIUM 245W 19V Monocrystalline Solar Panel,89990,231980,61%,HITHIUM,4.1,11,Appliances
SILVER CREST 2L German Heavy Duty Bottle Crusher With Double Cup.,28500,42000,32%,SILVER CREST,3.9,1171,Appliances
Dp Rechargeable Hand-held Fan With Phone Holder-7640,12000,25000,52%,Dp,4.2,170,Appliances
2 Burners Low Gas Consumption Gas Cooker+Free Gift Inside,20990,68810,69%,Generic,4.1,47,Appliances
Snowsea 8kg Double Tub Washing Machine 785*465*870 MM (Machine Gross Weight 21KG),190500,195402,3%,Snowsea,4.3,62,Appliances
Syinix 2.2L Electric Kettle - Red SKE22U1,8045,N/A,N/A,Syinix,4.1,167,Appliances
New Turbine Handheld Fan Mini Portable USB Rechargeable,5990,9980,40%,Generic,3.2,25,Appliances
Infrared Intelligent Electric Cooker - 5000W (Prepaid Meter Friendly),33950,34950,3%,Generic,4.2,45,Appliances
SILVER CREST 2 In 1 Powerful Hi Performance Grinder Blender - 10000W,32997,55000,40%,SILVER CREST,4.2,97,Appliances
Hisense 144 Litres Chest Freezer With Power Indicator Function (180SH) - Silver + One Year Warranty.,264160,316995,17%,Hisense,4.4,104,Appliances
Ox 18-Inches Standing Fan (Plastic Blade)+ Free Gift Inside,29490,120000,75%,Ox,4.2,414,Appliances
Syinix 12 Inches Rechargeable Fan +Solar Panel +13 Months Warranty,39665,N/A,N/A,Syinix,3.8,242,Appliances
260mL Mist Humidifier Diffuser Colorful Night Light Quiet,2990,7990,63%,Generic,4.7,6,Appliances
itel 350W M1 Lite Blender (1.5L) Pure Copper Motor,19990,40000,50%,itel,4.4,9,Appliances
2.6L USB Humidifier Dual Spray Water Large Capacity,6400,9600,33%,Generic,4,26,Appliances
Duravolt 7inches 3in1 Rechargeable Table Fan+Solar Panel+Bulbs,28950,35640,19%,Duravolt,3.9,494,Appliances
Master Chef Two Face Bread Toasting Machine,15900,50000,68%,Generic,4.1,75,Appliances
SILVER CREST 3L German Industrial Food Crusher Blender EXTRA MILL JAR,43500,65000,33%,SILVER CREST,4.1,361,Appliances
Aeon 1.5HP Split Inverter Air Conditioner (ASA12IJ3),360000,432000,17%,Aeon,3.8,13,Appliances
Cloud Energy 16'' 10watt DC Standing Fan With Remote Control-INVERTER FAN,48500,50000,3%,N/A,4.3,800,Appliances
Aeon 1HP Split Air Conditioner (ASA09OJ1) with Free Installation Kit + 1 Year Warranty,283500,340200,17%,Aeon,4.4,36,Appliances
Miratec 12 Inches AC/DC Solar Rechargeable Fan With Panel & 2 Bulbs,40000,70000,43%,Miratec,3.8,104,Appliances
50pcs Air Fryer Disposable Paper Liners Parchment Paper,5900,N/A,N/A,N/A,4.3,33,Appliances
Ox 18inch STANDING FAN-BLACK+ Free Gift Inside,29449,72490,59%,Ox,4.1,109,Appliances
Binatone 2 Litres Electric Jug (CEJ-2005) - Black + 2 Years Warranty,21560,25875,17%,Binatone,4.5,919,Appliances
Nexus 16 Inches Standing Fan (NX 4400B) - Black,25440,26574,4%,Nexus,3.9,4839,Appliances
Bianco 3 Pcs Stainless Bowl Set - 16cm 18cm & 20cm,8999,9439,5%,Bianco,4.5,2,Appliances
Qasa 18 Inches Rechargeable Fan + Remote Control QRF-5918HR,89000,139000,36%,N/A,4.3,157,Appliances
