Name,Current Price,Original Price,Discount,Brand,Rating,Review Count,Product Category
K9 Double Wireless Lapel Microphone Tie Mic TYPE-C Phones Android IPhone + IOS Adapter,9378,20000,53%,N/A,4,244,Musical Instruments
K9 Dual Wireless Lapel Microphone Lavalier Tie Mic Condenser Double TYPE-C Android Phones IPhone + IOS Adapter,10895,29995,64%,K9,4.2,755,Musical Instruments
Double Wireless Microphone TYPE-C Android Phone IPhone +IOS Adapter,9512,19000,50%,N/A,4.1,58,Musical Instruments
K9 Dual Wireless Microphone For IPhone & Android + IOS Adapter(Double Mic),9495,56937,83%,Generic,4.1,368,Musical Instruments
Hollyland Lark M1 Wireless Lavalier Microphone With Noise Cancellation 656ft Transmission8H Battery Life Compact Wireless Lapel Microphone System For DSLR Cameras/iPhone/Android/Live Streaming,88900,179113,50%,Hollyland,4.8,51,Musical Instruments
K9 3-in-1 Dual Wireless Lapel Microphone Lavalier Mic Double TYPE-C IPhone Android IOS PC DSLR,16995,45000,62%,K9,4.1,210,Musical Instruments
TiLECC Wireless Lavalier Microphone Portable Audio Video Recording Mini Mic For IPhone,6999,13231,47%,Generic,4.1,505,Musical Instruments
K9 Double Wireless Lapel Microphone Tie Mic TYPE-C Phones Android IPhone + IOS Adapter,9454,18142,48%,Generic,4.2,39,Musical Instruments
BOMGE Generic BOMGE Wireless Microphone System 2 Handheld Microphone,29300,47252,38%,N/A,4.4,154,Musical Instruments
Hollyland Hollyland Lark M2 Wireless Lavalier Microphone For IPhone/Android/Camera/PC/Laptop With Lightning/USB-C/Plug 48KHz 24Bit 1000ft Range Noise Cancellation 30H Battery For Video Recording Streaming,175490,325043,46%,Hollyland,4.5,22,Musical Instruments
K9 Double Wireless Lapel Microphone Tie Mic TYPE-C Phones Android IPhone + IOS Adapter,9785,21000,53%,Generic,4.1,10,Musical Instruments
Professional Vlogging Wired Mini For Camera Lapel Condenser Phone And Laptop Mic Microphone (3.5wrd),4890,N/A,N/A,Generic,3.8,101,Musical Instruments
F11-2  Dual Noise Cancelling Wireless Microphone With 3 in 1 Receiver For iPhoneType C and Camera,29990,52680,43%,N/A,4,2,Musical Instruments
220V/12V 600W Bluetooth HiFi Audio Stereo Power Amplifier,25374,48815,48%,Generic,4,137,Musical Instruments
Condenser Microphone USB Gaming Microphone For PC Computer Streaming Video Podcasting Studio Recording,30900,N/A,N/A,N/A,4.5,210,Musical Instruments
TiLECC Wireless Lapel Microphone Type-c For IPhone Android IPad,14000,26112,46%,TiLECC,4.2,120,Musical Instruments
BOMGE Wireless Handheld MicrophoneMetal Dual VHF Cordless Dynamic,26944,34322,21%,N/A,4.5,41,Musical Instruments
Microphone BM 800 Condenser Microphone Audio Mic Studio Sound Recording Microphone - Black + Sound Card,17985,33500,46%,Microphone,4.2,116,Musical Instruments
BOMGE V440 Wireless Microphone Professional 4 Channels Karaoke Handheld System For Home Karaoke Meeting Party Church DJ Wedding Home KTV Set,83641,113253,26%,N/A,4,10,Musical Instruments
BOMGE 2 Microphones 3 In 1 Universal Receiver & Easy Automatic Connection Smart Noise Cancellation Full Compatibility 393ft Audio Range & 7H Working Time,15800 -  23400,28269 -  36487,44%,N/A,4,29,Musical Instruments
Condenser Microphone USB Gaming Microphone For PC Computer Streaming Video Podcasting Studio Recording,27995,60000,53%,Generic,4.2,6,Musical Instruments
STUDIO Podcast Condenser Microphone Audio  Studio Recording Laptop Computer Gaming USB Mic Adapter (RGB),20980,N/A,N/A,STUDIO,3.9,51,Musical Instruments
Microphone With V8 Sound Card BM800 Kit Condenser Support,31590,57008,45%,Generic,4,23,Musical Instruments
Dual Wireless Lavalier Microphone TYPE-C Android Phones IPhone + IOS Adapter,14720,21072,30%,Generic,3.7,74,Musical Instruments
Piano Stand -Type X - Black,17820,31070,43%,Generic,4.4,37,Musical Instruments
Microphone With V8 Sound Card BM800 Kit Condenser Stand,30155,49210,39%,Generic,3.8,55,Musical Instruments
Wireless Interview Microphone Adapter-Compatible With DJI MicRode GOHollyland LarkMore,15600,23560,34%,Generic,4.3,68,Musical Instruments
Mxiii Android Tv Box Lavalier Type-C Microphone Omni Directional Condenser Lapel Tie Clip Mobile Pin Microphone mic For Android Phone And Iphone Video Recording (TypeCmic),4998,N/A,N/A,Mxiii Android Tv Box,3.9,39,Musical Instruments
J13 Professional Wireless Lavalier Microphone Rechargeable Noise Cancellation Lapel Mic,18000,27000,33%,Generic,N/A,N/A,Musical Instruments
K9 Single Wireless Lapel Microphone Lavalier Mic TYPE-C Android IPhone + IOS Adapter,9950,20000,50%,N/A,4.2,88,Musical Instruments
PRO Lavalier Wireless Microphone 3 In 1 for Videoke iPhone Android SLR Camera USB C Nigeria,11270,23152,51%,Generic,5,3,Musical Instruments
BOMGE Wireless Handheld MicrophoneMetal Dual VHF Cordless Dynamic,26000,32584,20%,N/A,3.4,20,Musical Instruments
LED Light For Mobile Phone,16000,N/A,N/A,N/A,1.5,2,Musical Instruments
Portable Wireless Type-c Mobile Video Recording Microphone K8,4620,13200,65%,Generic,3.7,24,Musical Instruments
Adjustable Mic Stand With 2 Microphone Holder,11000,N/A,N/A,Generic,5,4,Musical Instruments
Adjustable Mic Stand With 2 Microphone Holder,11200,N/A,N/A,N/A,4.9,8,Musical Instruments
Adjustable Black Microphone Stand With Holder,11500,N/A,N/A,N/A,4.4,39,Musical Instruments
BOMGE U202 USB Audio Interface With Mic Preamplifier XLR/TSR/TS Ports48V32-Bit/192kHz Resolution For Computer RecordingStreaming Podcasting,60500,68728,12%,N/A,5,1,Musical Instruments
K9 Dual Wireless Lapel Microphone Lavalier Mic TYPE-C Android Phones IPhone + IOS Adapter,11300,N/A,N/A,K9,4.2,38,Musical Instruments
Plug & Play  Wireless Lavalier Microphone For IPhone IPad Lapel Clip-on Mini Wireless Mic For TikTok Vlog YouTube Facebook Live Stream Auto-syncs Microphone (NO APP Or Bluetooth),11000,20000,45%,Generic,4.4,18,Musical Instruments
Hollyland Hollyland A1 Combo - Wireless Mini Microphone for iPhone & Android (2TX + USB-C RX + Lightning RX + Charging Case) Magnetic Mic for YouTube TikTok Podcast Vlogging (Black),95840,160000,40%,Hollyland,N/A,N/A,Musical Instruments
Hollyland Lark M2 Wireless Lavalier Microphone For IPhone 15 & Android USB C Mini Lapel Microphone Wireless 1000ft Range Hi-Fi Audio Noise Cancellation 30H Battery For Video Recording Streaming,259613,N/A,N/A,Hollyland,N/A,N/A,Musical Instruments
Filter LARGE Blowout Studio Microphone Pop Mic Filter Windscreen Condenser Mic Sound,5400,15460,65%,Filter,N/A,N/A,Musical Instruments
Hollyland Hollyland Lark M2 Wireless Lavalier Microphone For IPhone/Android/Camera/PC/Laptop With Lightning/USB-C/Plug 48KHz 24Bit 1000ft Range Noise Cancellation 30H Battery For Video Recording Streaming,175490,325043,46%,Hollyland,N/A,N/A,Musical Instruments
Hollyland Wireless Lavalier Microphone For IPhone 14/13/12 Lightning Mini Lapel Microphone Wireless Hi-Fi Audio 1000ft Range Noise Cancellation 30H Battery For Video Recording Streaming,185000,185010,1%,Hollyland,N/A,N/A,Musical Instruments
Hollyland Lark M2S Combo (Camera RX+USB-C RX+ Lightning Cable) Wireless Lavalier Microphone For IPhone/Camera/Android/PC Titanium Clip Noise Cancelling 30H Use Vlog Interview Content Creation,194000,290000,33%,Hollyland,N/A,N/A,Musical Instruments
Hollyland Lark M1 Wireless Lavalier Microphone With Noise Cancellation 656ft Transmission8H Battery Life Compact Wireless Lapel Microphone System For DSLR Cameras/iPhone/Android/Live Streaming,88900,179113,50%,Hollyland,N/A,N/A,Musical Instruments
"Acoustic Box Guitar With Bag And Strap - Sunburst-38""",51000,N/A,N/A,Generic,4.3,52,Musical Instruments
8'' Public Address System With Bluetooth MicroSD USB FM Functions And Two Wireless Microphone,67500,N/A,N/A,N/A,4.1,19,Musical Instruments
Microphone With V8 BM800 Sound Card Kit Condenser Support USB Bluetooth For Studio Recording Professional Karaoke,31200,38962,20%,Generic,4,67,Musical Instruments
TiLECC 3.5mm Wireless Lavalier Lapel Microphone Omnidirectional Condenser Mic,12599,14304,12%,TiLECC,3.8,205,Musical Instruments
K9 Dual Wireless Lavalier Microphone Lavalier Microphone TYPE-C Android Phone,10296,17837,42%,N/A,3.4,5,Musical Instruments
Microphone Podcast Condenser Microphone Audio Video Studio Recording Laptop Computer Gaming USB Mic + Type C & Iphone OTG Adapter (RGB),22900,N/A,N/A,Microphone,4.1,17,Musical Instruments
DUAL Type-c Wireless Lapel Microphone For IPhone & Android + IOS Adapter,12000,N/A,N/A,Generic,4.4,35,Musical Instruments
Acoustic Box Guitar With Bag And Strap - Redburst,50000,N/A,N/A,Generic,4.9,9,Musical Instruments
Hollyland Lark M2 Wireless Lavalier Microphone For Camera PC Laptop Phones Mini Lapel Microphone Wireless 48KHz 24Bit 1000ft Range Noise Cancellation 30H Battery For Video Recording Streaming,188710,279738,33%,Hollyland,4.8,6,Musical Instruments
Mini Wireless Lavalier Microphone Cell Phone Camera Audio Microphone - Black,14400,20208,29%,Generic,3.8,13,Musical Instruments
Filter LARGE Blowout Studio Microphone Pop Mic Filter Windscreen Condenser Mic Sound,5400,15460,65%,Filter,4.8,8,Musical Instruments
Hollyland Wireless Lavalier Microphone For IPhone 14/13/12 Lightning Mini Lapel Microphone Wireless Hi-Fi Audio 1000ft Range Noise Cancellation 30H Battery For Video Recording Streaming,185000,185010,1%,Hollyland,5,5,Musical Instruments
Professional Guitar Capo,3500,N/A,N/A,N/A,4.4,28,Musical Instruments
BM800 Condenser Microphone Recording Stand Large Diaphragm Live Set - Black Silver,19800,27121,27%,Generic,4.3,36,Musical Instruments
Wireless Karaoke Microphone For Church Party Singing Outdoor Live Broadcast Hosting-Grey,30839,40112,23%,Generic,4,26,Musical Instruments
SX8 Wireless Dual Noise Cancellations Microphone (2 Lavaliere Microphones For Type C And IPhone.,24990,52000,52%,N/A,3.7,3,Musical Instruments
ALICE Complete Set Of Acoustic Box Guitar Strings,6500,N/A,N/A,N/A,3.7,3,Musical Instruments
BOMGE 4-Channel Dynamic Wireless Microphone System,76155,96000,21%,N/A,4,84,Musical Instruments
Microphone With V8 Sound Card BM800 Kit Condenser Stand,31326,38764,19%,Generic,3.9,22,Musical Instruments
Lightning Port Wireless Clip-On Microphone With Charging Case For IPhone IPad Laptops - 164ft Range & 48-Hour Battery(Compatible with iPhone 14 and earlier models),36837,42263,13%,Generic,4.7,3,Musical Instruments
Hollyland Lark M2S Combo (Camera RX+USB-C RX+ Lightning Cable) Wireless Lavalier Microphone For IPhone/Camera/Android/PC Titanium Clip Noise Cancelling 30H Use Vlog Interview Content Creation,194000,290000,33%,Hollyland,5,2,Musical Instruments
VIC New Wireless Lavalier Microphone Portable Audio Video Recording Mini Mic.,5874,12594,53%,VIC,3.8,10,Musical Instruments
K9 Wireless Lavalier Microphone Lapel Mic For YouTube Facebook TikTok Live Stream Noise Cancelling,8050,18016,55%,Generic,N/A,N/A,Musical Instruments
For IPhone & Android + IOS Adapter Single Type-c Wireless Lapel Microphone,9700,N/A,N/A,N/A,3.8,5,Musical Instruments
Boya By M1 Lavalier Microphone For Smartphones And DSLR Cameras,8500,N/A,N/A,N/A,4.2,23,Musical Instruments
K35 3.5mm Wireless Microphone (dual Microphone),11336,22671,50%,N/A,3,4,Musical Instruments
BOMGE Wireless Lavalier Microphone With Charging Case For IPhone And Android,28100,43881,36%,N/A,4.4,73,Musical Instruments
BOMGE Q-12 2 Channels Audio Mixer Sound Mixing Console,25280,29078,13%,N/A,4.1,20,Musical Instruments
Handheld Rechargeable Wireless Microphone UHF TTD-M10,20000,30000,33%,N/A,N/A,N/A,Musical Instruments
Shure Professional Wireless Microphone With Rechargeable Battery Shure UT-883,47000,N/A,N/A,Shure,4.2,114,Musical Instruments
Full Kits BM800 Condenser Microphone With IPhone & Type-C Audio Jack For Podcast,48500,N/A,N/A,N/A,3,2,Musical Instruments
Professional Studio Condenser Microphone Suspension Boom Scissor Mic Arm Stand,10800,N/A,N/A,N/A,4.1,52,Musical Instruments
Hebkuo Premium Quality Keyboard Sustain Pedal - Piano Style,11000,14700,25%,Hebkuo,4.4,49,Musical Instruments
A8 UHF Wireless Guitar Transmitter Receiver Set 730mhz 50m,20895,52000,60%,Generic,4.1,15,Musical Instruments
Adjustable Clip On Drum Rim Shock  Mic Clamp Holder (2-Pcs),7300,N/A,N/A,N/A,5,5,Musical Instruments
Bee Harmonica Mouth Organ 24 Holes With 48 Tones,5999,N/A,N/A,N/A,4,2,Musical Instruments
Mini Wireless Tie Microphone Lavalier Microphone For Iphone Android Mobile Phones,9884,21648,54%,N/A,N/A,N/A,Musical Instruments
3.5mm Wireless Speaker Smartphone Interview Lavalier 2 Microphones,11781,16500,29%,Generic,3.5,2,Musical Instruments
Microphone Cable XLR Best Quality Canon To Canon - 10 Meters,8500,16700,49%,Generic,4.5,26,Musical Instruments
Single Wireless Microphone FoR Type C,8800,20000,56%,Generic,4.1,14,Musical Instruments
Hollyland Hollyland A1 Combo - Wireless Mini Microphone for iPhone & Android (2TX + USB-C RX + Lightning RX + Charging Case) Magnetic Mic for YouTube TikTok Podcast Vlogging (Black),95840,160000,40%,Hollyland,N/A,N/A,Musical Instruments
Hollyland Lark M2 Wireless Lavalier Microphone For IPhone 15 & Android USB C Mini Lapel Microphone Wireless 1000ft Range Hi-Fi Audio Noise Cancellation 30H Battery For Video Recording Streaming,259613,N/A,N/A,Hollyland,N/A,N/A,Musical Instruments
Filter LARGE Blowout Studio Microphone Pop Mic Filter Windscreen Condenser Mic Sound,5400,15460,65%,Filter,N/A,N/A,Musical Instruments
Hollyland Hollyland Lark M2 Wireless Lavalier Microphone For IPhone/Android/Camera/PC/Laptop With Lightning/USB-C/Plug 48KHz 24Bit 1000ft Range Noise Cancellation 30H Battery For Video Recording Streaming,175490,325043,46%,Hollyland,N/A,N/A,Musical Instruments
Hollyland Wireless Lavalier Microphone For IPhone 14/13/12 Lightning Mini Lapel Microphone Wireless Hi-Fi Audio 1000ft Range Noise Cancellation 30H Battery For Video Recording Streaming,185000,185010,1%,Hollyland,N/A,N/A,Musical Instruments
Hollyland Lark M2S Combo (Camera RX+USB-C RX+ Lightning Cable) Wireless Lavalier Microphone For IPhone/Camera/Android/PC Titanium Clip Noise Cancelling 30H Use Vlog Interview Content Creation,194000,290000,33%,Hollyland,N/A,N/A,Musical Instruments
Hollyland Lark M1 Wireless Lavalier Microphone With Noise Cancellation 656ft Transmission8H Battery Life Compact Wireless Lapel Microphone System For DSLR Cameras/iPhone/Android/Live Streaming,88900,179113,50%,Hollyland,N/A,N/A,Musical Instruments
Microphone Podcast Condenser Microphone Stand Holder Audio Video Streaming Studio Interview Desktop Stand Recording Laptop PC Computer Gaming USB Mic + Type C & Iphone OTG Adapter,43990,45500,3%,Microphone,4.4,61,Musical Instruments
Sheet Music Stand,15000,N/A,N/A,Generic,4.5,6,Musical Instruments
Wireless lavalier microphone Type-C/ios/USB plug and play wireless noise cancelling microphone suitable for YouTube TikTok live streaming,9280,22992,60%,Generic,N/A,N/A,Musical Instruments
Professional Music Stand - Big Pulpit Book Holder,15400,N/A,N/A,N/A,4.1,21,Musical Instruments
Podcast Equipment Bundle Audio Interface With All In One Live Sound Card And BM-800 Condenser Microphone Perfect For Recording Broadcasting Live Streaming YouTube TikTok (BM800-V8B),49000,N/A,N/A,Generic,5,3,Musical Instruments
NEW DUAL Type-c Wireless Lapel Microphone For IPhone & Android + IOS Adapter,11300,20000,44%,Generic,3.9,48,Musical Instruments
Zealot Over Ear B Stereo Bluetooth Headphone Touch Control Noise Cancelling With Microphone,21995,30000,27%,Zealot,4.5,20,Musical Instruments
Versatile Foldable Guitar Stand Easy To Install Floor Stand,8085,22143,63%,Generic,4.7,3,Musical Instruments
3-in-1 Dual Wireless Microphone Lavalier Lapel Mic TYPE-C IPhone Android Phones DSLR,19500,22000,11%,N/A,5,1,Musical Instruments
Wireless Interview Microphone Adapter- For DJI MicRode GOHollyland Lark,15250,32000,52%,Generic,4,1,Musical Instruments
Wireless Microphone Holder Interview Mic Adapter Handheld Transmitter Shoe- For DJI MicRode GOHollyland Lark,15495,32000,52%,Generic,3.9,18,Musical Instruments
BOMGE 4-Channel Dynamic Wireless Microphone System Red And Grey,45500,52164,13%,N/A,3.9,12,Musical Instruments
DUAL Wireless Lapel Microphone For IPhone & Android (Type-c),12500,16500,24%,N/A,4,5,Musical Instruments
BM800 Professional Suspension Microphone Kit Studio Live,18630,24154,23%,Generic,3.9,17,Musical Instruments
Wireless Lavalier Mini Microphone For Mobile Vlog Mobile Phone Portable Second Generation Noise Reduction,8762,15461,43%,N/A,4,1,Musical Instruments
Microphone Podcast Microphone Audio Video Recording Laptop USB Mic + Type C & Iphone OTG Adapter,39500,50000,21%,Generic,3.6,28,Musical Instruments
Microphone HIGH QUALITY Tie Clip ORIGINAL IPhone Mic Lapel Lavalier Microphone For Vlogging Interview Etc. With / Noise Cancellation,6599,7500,12%,Microphone,4,93,Musical Instruments
K81 Single Wireless Lavalier Microphone For IPhone – Plug & Play Noise Reduction Long Battery Life Lightweight Mic For Content Creators & Interviews,18000,25000,28%,Generic,4.7,3,Musical Instruments
3.5mm Wireless Lavalier Microphone For Interview And Shooting,8959,13673,34%,Generic,3,3,Musical Instruments
DUAL Type-c Wireless Lapel Microphone For IPhone & Android + IOS Adapter,11200,20000,44%,Generic,3.9,77,Musical Instruments
Condenser Microphone USB Gaming Microphone For PC Computer Streaming Video Podcasting Studio Recording,30000,N/A,N/A,N/A,5,10,Musical Instruments
Saxophone Mic Multipurpose Speaker For Trumpet Trombone,35000,N/A,N/A,N/A,5,4,Musical Instruments
Professional Music Stand - Big Pulpit Book Holder,15500,N/A,N/A,N/A,4.5,40,Musical Instruments
A8 UHF Wireless Guitar Transmitter Receiver Set 730mhz 50M,21360,37140,42%,Generic,3.9,14,Musical Instruments
V8 Sound Card / BM800 Professional Suspension MicrophoneKit,32753,42819,24%,Generic,3.6,9,Musical Instruments
Bluetooth-compatible Karaoke Microphone Wireless Speaker,10999,N/A,N/A,Generic,3.8,9,Musical Instruments
Usb Power Laptop Microfone Computer PC Condenser Recording Microphone Mini USB Desk Mic (Stand),7500,8000,6%,N/A,4.2,22,Musical Instruments
For IPhone & Android + IOS Adapter Single Type-c Wireless Lapel Microphone For Content Creation,11500,12000,4%,Generic,4,87,Musical Instruments
Mateamoda Microphone BM 800 Condenser Microphone Studio Sound Recording Mic + Free Sound Card,17490,25990,33%,N/A,4.1,34,Musical Instruments
Microphone BM800 Condenser Microphone Audio Mic Studio Sound Recording Microphone + Free Sound Card,17985,33500,46%,Microphone,4.1,167,Musical Instruments
Condenser Microphone Stand For Podcasting,10500,N/A,N/A,N/A,4.8,15,Musical Instruments
2 In 1 Maracas Musical Hand Instrument -Shake & Sound,6400,10000,36%,Generic,5,2,Musical Instruments
Portable Phone Connect K9 2.4 GHz 2 Mics For Type-C Phones,10090,14768,32%,Generic,5,1,Musical Instruments
Professional Condenser Microphone PC Studio USB Microphone For Computer Gaming Streaming Video Mic Podcasting Recording,32800,N/A,N/A,N/A,4.7,9,Musical Instruments
K35 3.5mm Wireless Microphone (single Microphone),9704,16184,40%,N/A,3.3,4,Musical Instruments
ALICE Complete Set Of Acoustic Box Guitar Strings,4470,N/A,N/A,Generic,N/A,N/A,Musical Instruments
Shure SM58 Cable Handheld Dynamic Microphone,8500,N/A,N/A,N/A,3.5,12,Musical Instruments
4/4 Full Size Violin With Accessories - 4 By 4 4 Over 4,51000,53900,5%,N/A,5,1,Musical Instruments
Quality Drum Pedal,20500,N/A,N/A,N/A,4.8,5,Musical Instruments
Box Guitar,50000,N/A,N/A,Generic,4.5,4,Musical Instruments
Hollyland Hollyland A1 Combo - Wireless Mini Microphone for iPhone & Android (2TX + USB-C RX + Lightning RX + Charging Case) Magnetic Mic for YouTube TikTok Podcast Vlogging (Black),95840,160000,40%,Hollyland,N/A,N/A,Musical Instruments
Hollyland Lark M2 Wireless Lavalier Microphone For IPhone 15 & Android USB C Mini Lapel Microphone Wireless 1000ft Range Hi-Fi Audio Noise Cancellation 30H Battery For Video Recording Streaming,259613,N/A,N/A,Hollyland,N/A,N/A,Musical Instruments
Filter LARGE Blowout Studio Microphone Pop Mic Filter Windscreen Condenser Mic Sound,5400,15460,65%,Filter,N/A,N/A,Musical Instruments
Hollyland Hollyland Lark M2 Wireless Lavalier Microphone For IPhone/Android/Camera/PC/Laptop With Lightning/USB-C/Plug 48KHz 24Bit 1000ft Range Noise Cancellation 30H Battery For Video Recording Streaming,175490,325043,46%,Hollyland,N/A,N/A,Musical Instruments
Hollyland Wireless Lavalier Microphone For IPhone 14/13/12 Lightning Mini Lapel Microphone Wireless Hi-Fi Audio 1000ft Range Noise Cancellation 30H Battery For Video Recording Streaming,185000,185010,1%,Hollyland,N/A,N/A,Musical Instruments
Hollyland Lark M2S Combo (Camera RX+USB-C RX+ Lightning Cable) Wireless Lavalier Microphone For IPhone/Camera/Android/PC Titanium Clip Noise Cancelling 30H Use Vlog Interview Content Creation,194000,290000,33%,Hollyland,N/A,N/A,Musical Instruments
Hollyland Lark M1 Wireless Lavalier Microphone With Noise Cancellation 656ft Transmission8H Battery Life Compact Wireless Lapel Microphone System For DSLR Cameras/iPhone/Android/Live Streaming,88900,179113,50%,Hollyland,N/A,N/A,Musical Instruments
