Name,Current Price,Original Price,Discount,Brand,Rating,Review Count,Product Category
William Lawson's Finest Blended Scotch Whisky 75cl,12670,14190,11%,William Lawson's,4.4,350,Groceries
Big Bull  Rice 50Kg,78900,85000,7%,Big Bull,3.4,12,Groceries
Baileys Original Irish Cream 700ml.,18158,19974,9%,Baileys,4.6,14,Groceries
Jameson Irish Whiskey 70cl,20336,22369,9%,N/A,4.5,343,Groceries
Malta Guinness Can 330ml x24 + One Free Can,15579,17137,9%,Malta Guinness,4.6,9,Groceries
Jameson Black Barrel 70cl,33894,37284,9%,N/A,4.5,169,Groceries
Milo Activ-Go Sachet 800g,6802,7482,9%,Milo,4.4,469,Groceries
Nittol Nittol Antibacterial Detergent 160g,350,354,1%,Nittol,3,1,Groceries
Knorr Triple Goodness Combo Pack,6150,N/A,N/A,Knorr,4.3,56,Groceries
Terra  Premium Chicken 80pieces x 1,1500,1600,6%,N/A,4.2,10,Groceries
Knorr Chicken Bouillon Seasoning Cubes 50X8g,2210,N/A,N/A,Knorr,4.3,984,Groceries
Gold Stainless Steel Spoons & Forks With RACK,21500,25000,14%,Generic,4.2,34,Groceries
Guinness Foreign Extra Stout Can 330ml x24,24421,26863,9%,Guinness,4.2,178,Groceries
Johnnie Walker Red Label 70cl.,19604,21565,9%,Johnnie Walker,5,1,Groceries
Toilet Fragrance Bowl Flower Cleaner - Gel Air Freshener,2490,5000,50%,Generic,3.7,6,Groceries
Patriot Rice 50Kg,77700,85500,9%,Patriot,5,2,Groceries
Martell Cognac Blue Swift 75cl (VSOP),77034,N/A,N/A,N/A,4.7,73,Groceries
Black & White Scotch Whisky-70cl,9999,10999,9%,Black & White,5,1,Groceries
Uto Chicken Seasoning 10g (10 Pcs),1100,1650,33%,N/A,4.8,13,Groceries
Martini Asti Spumante Sparkling Wine 75cl,10999,12584,13%,Martini,4.9,16,Groceries
Glenfiddich Gran Reserva 21 Year Old Single Malt Scotch Whisky 70cl,344004,378405,9%,Glenfiddich,5,2,Groceries
Big Bull  Rice 25Kg,40400,45000,10%,Big Bull,4.6,24,Groceries
PEPPE Terra Cooking Paste 55g X5 X 10,1250,1300,4%,PEPPE Terra,4.8,8,Groceries
Martini Fiero Red Sweet Vermouth Aperitivo 75cl,5720,6292,9%,Martini,4.6,67,Groceries
Knorr Beef Bouillon Seasoning Cubes 50X8g,1933,2242,14%,Knorr,4.5,429,Groceries
Daalu Low-Fat Mayonnaise 750ML (Single Tub),3900,5000,22%,Daalu,4.8,10,Groceries
Malta Guinness Can 330ml x24,15579,17137,9%,Malta Guinness,4.4,828,Groceries
Uto Jollof & Stew Seasoning 10g (10 Pcs),1100,1650,33%,N/A,4.5,12,Groceries
Nestle Golden Morn Grainsmart 900g,4800,5280,9%,Nestle,4.4,400,Groceries
Bacardi Carta Oro Superior Gold Rum 75cl,13500,15488,13%,Bacardi,4.5,27,Groceries
Nescafe Classic Tin 50g,4604,5064,9%,Nescafe,4.6,57,Groceries
Toilet Fragrance Bowl Flower Cleaner - Gel Air Freshener,1980,2000,1%,Generic,3.6,8,Groceries
Organic Smoker's General Body Detox Tea,7500,10000,25%,Generic,4.7,16,Groceries
Weed Grinder + Weed Roller Machine + 5 Booklets Of Bros Brown Rolling Smoking Papers,8000,N/A,N/A,Generic,4.5,30,Groceries
24 Pieces Cutlery Set - Spoon/ Fork/Knife Set With Holder,21000,24000,13%,Generic,4.5,12,Groceries
Iron Sponge / Scourers - 4pcs,990,2000,51%,Generic,4,25,Groceries
Sponge Scouring Pads Dish Washing Scrubber - 2pcs,1999,10000,80%,Generic,3.7,36,Groceries
Rechargeable Electric Lighter Windproof Cigar Smoke Lighter,7500,12000,38%,Generic,3.9,26,Groceries
Golden Terra  Soya Oil 25L (Keg),80800,86200,6%,Golden Terra,5,8,Groceries
Airwick 2pcs Airwick Automatic Spray Refill,6400,N/A,N/A,Airwick,4.7,17,Groceries
Maltina Classic Can 33cl x 24,12999,15464,16%,Maltina,4.7,57,Groceries
Nestle Golden Morn Grainsmart 600g,3300,N/A,N/A,Nestle,4.3,94,Groceries
GORDON'S Sunset Orange 750ml,6228,6851,9%,GORDON'S,4.4,39,Groceries
Morning Fresh DISHWASHING LIQUID MIX AND MATCH- 200ML,3125,3300,5%,Morning Fresh,4.4,140,Groceries
Nestle Maggi Cube 100 x 4g,1780,1958,9%,Nestle Maggi,4.2,79,Groceries
Martini Rosso Red Vermouth Aperitivo 100cl,9999,11440,13%,Martini,4.5,24,Groceries
Camino Real Gold Tequila 75cl,14999,17160,13%,Camino,4.7,24,Groceries
Knorr Seasoning Cubes Beef 50x8g x 14 (carton) + 1 FREE PACK OF ROYCO,28060,N/A,N/A,Knorr,4.5,74,Groceries
50 Pieces Ziplock Nylon Bags,5500 -  15500,N/A,N/A,N/A,4,1,Groceries
Uto Real Mayonnaise 750ML (Single Tub + Free 10grams Chicken Jollof & Stew Seasoning),5400,6000,10%,N/A,5,3,Groceries
Orijin Bitters 20cl x24,19999,23737,16%,Orijin,4.5,37,Groceries
Airwick Freshmatic Autospray Refill × 3Sparkling ,10000,N/A,N/A,Airwick,4.1,14,Groceries
Don Royale Dry Gin 75Cl,4912,5404,9%,Don Royale,4,15,Groceries
Terra Premium Beef 80pieces x 1,1500,1600,6%,N/A,5,1,Groceries
WAW Machine Auto Wash 2kg,6600,7500,12%,WAW,4.7,3,Groceries
Golden Terra REFINED VEGETABLE OIL 25L,75400,80000,6%,Golden Terra,4.8,6,Groceries
Bombay Sapphire London Dry Gin 75cl,15999,19359,17%,Bombay,4.8,44,Groceries
Milo Activ-Go E-Cube 100 x 2.75g,4160,4576,9%,Milo,4.6,74,Groceries
Rechargeable Electric Arc Lighter Pulse Igniter BBQ Kitchen Gas Stove Candle With Inbuilt Battery,5600,8999,38%,N/A,N/A,N/A,Groceries
ActiveO Bedbug & Insect Killer With Diatomaceous Earth ~ 300g,9890,12000,18%,ActiveO,3.6,29,Groceries
Dewar's 15 Year Old Blended Scotch Whisky 75cl,40481,44529,9%,Dewar's,4.8,5,Groceries
Nestle Golden Morn - 30g X 10 X 10 (Carton),24300,26730,9%,Nestle,4.7,3,Groceries
Heavy Duty Scouring Pad- Set Of 5,1999,10000,80%,Generic,4.3,18,Groceries
Rania Fenugreek Seeds Split ( Methi Kuria)  -100g,6000,9000,33%,N/A,4.7,3,Groceries
Moi Moi Pouches - 25/50/100 PC's,5500 -  17000,6500 -  18000,15%,N/A,4,1,Groceries
Airwick Airfreshner For Home And Car 3pcs,4300,N/A,N/A,Airwick,4.8,5,Groceries
Big Bull  Rice 750g,2200,2500,12%,N/A,3,3,Groceries
Mortein Multi Insecticide Killer 550ml - Twin Pack[1]Special Offer.,12345,14320,14%,Mortein,4.2,32,Groceries
Bragg Apple Cider Vinegar 946ml Organic (Raw/Unfiltered),30000,N/A,N/A,Bragg,4.2,27,Groceries
Golden Penny Couscous -500g,2263,2500,9%,Golden Penny,4.2,5,Groceries
Golden Terra SOYA OIL 700ml,3200,3600,11%,Golden Terra,N/A,N/A,Groceries
Vicks Vaporub Cough Suppressant Topical Analgesic Ointment -100g.,7000,N/A,N/A,Vicks,N/A,N/A,Groceries
Big Bull DIAMOND RICE 50KG,98500,N/A,N/A,Big Bull,5,1,Groceries
Absolut Vodka Raspberri 100cl,16571,18228,9%,Absolut,4.3,15,Groceries
PEPPE Terra Cooking Paste 180g x 30,18400,19000,3%,PEPPE Terra,5,2,Groceries
7pcs Sealed Crisper Refrigerator Plastic Food Storage Box,4300,13200,67%,Generic,4.7,3,Groceries
Snap To Go (5 In 1) Container Set,6999,9500,26%,Generic,2,1,Groceries
Airwick FRESHMATIC AUTOMATIC SPRAY With 3 Refill,22500,N/A,N/A,Airwick,2.5,4,Groceries
TEMMY SUCCESS Fenugreek Seed - 50g,2999,4999,40%,TEMMY SUCCESS,3.3,3,Groceries
Golden Terra  Soya Oil 1.4L,6300,8500,26%,N/A,5,4,Groceries
Martini Fiero Red Sweet Vermouth Aperitivo 75cl x 2 With 1 free bottle,14628,N/A,N/A,Martini,4.5,61,Groceries
Victory Keep Food Fresh And Flavorful: Victory Premium Aluminum Foil,4900,N/A,N/A,Victory,4.2,9,Groceries
Kidney Cleansing Tea - 20 Tea Bags,6300,11500,45%,N/A,4.3,3,Groceries
5-piece set of dishcloth sink scrubber macaron sponge cleaning pad cleaning machine kitchen cleaning cloth tool tray pot cleaning agent magic wet wipes,1920,6672,71%,Generic,5,1,Groceries
Patron Silver Tequila 70cl,41600,45760,9%,Patron,5,5,Groceries
Bacardi Gran Reserva Diez 10 Year Old Gold Rum 70cl,34320,37752,9%,Bacardi,5,6,Groceries
Jik Bleach (Stain Remover & Germ Killer) - 475ml - Pack Of 3,4820,5590,14%,Jik,4.6,36,Groceries
Rose Plus Tissue Paper Roll (1 Bag Of 48 Pieces).,14999,N/A,N/A,Rose,4.8,11,Groceries
Bobo Flavoured Milk Drink 180ml,7830,N/A,N/A,Bobo,5,1,Groceries
Toilet Flower Deodorant Cleaning Gel - Toilet Fragrance - 2pcs,6999,N/A,N/A,Generic,3,2,Groceries
Blue Diamond Camphor/Naphthalene  Small Ball Large Pack,2499,5000,50%,Blue Diamond,3.7,3,Groceries
7pcs Sealed Crisper Refrigerator Plastic Food Storage Box,4300,13200,67%,Generic,4.7,3,Groceries
Golden Terra Soya Oil 1.4L,6300,7000,10%,Golden Terra,5,6,Groceries
Fresh Scents Olive Oil - For Skin Hair & Health 100ml,4600 -  10500,6000 -  15000,30%,N/A,N/A,N/A,Groceries
Gold Stainless Steel Spoons & Forks With RACK,24000,25000,4%,Generic,4.5,53,Groceries
Good Knight Good-night Power Activ+ Mosquito Repellent Refill Fluid.,6500,N/A,N/A,N/A,5,2,Groceries
Puritan'S Pride Melatonin 3 Mg -120 Tablets (Night Time Sleep Aid),14000,N/A,N/A,Puritan'S Pride,N/A,N/A,Groceries
Toilet Blue Cleaner Disinfectant And Fragrance,2999,6500,54%,N/A,N/A,N/A,Groceries
Stainless Steel Thermos Food Flask+FREE Spoon/Fork,16555,N/A,N/A,Generic,3.6,5,Groceries
24pcs Cutlery Set - Gold Plated Spoon/ Fork/Knife Set With Holder,20999,N/A,N/A,Generic,N/A,N/A,Groceries
Big Bull  Rice 10Kg,28000,30000,7%,Big Bull,4.1,8,Groceries
Dd Force Fumigation Chemical Pest Control Insecticide -1L,14999,N/A,N/A,Dd Force,3.9,8,Groceries
THE PINK STUFF ALL PURPOSE CLEANER,10899,N/A,N/A,Generic,2.8,4,Groceries
WAW WAW ALL PURPOSE CLEANER LAVENDER 1Litre,2100,2121,1%,WAW,3.4,5,Groceries
Golden Penny Spaghettini -500g,14400,14900,3%,Golden Penny,N/A,N/A,Groceries
Golden Penny Soya Oil -750ml,5662,5900,4%,Golden Penny,5,1,Groceries
WAW Machine Auto Wash 1kg,3400,5500,38%,WAW,5,4,Groceries
Absolut Citron Vodka 1L,16954,N/A,N/A,Absolut,4.1,22,Groceries
24 Pcs Gold Plated Stainless Steel Cutlery Set -with RACK,43500,N/A,N/A,N/A,5,1,Groceries
Knorr Chicken Seasoning Cubes 50x8g x 14 (1 carton) + 1 FREE PACK OF ROYCO,28995,N/A,N/A,Knorr,5,6,Groceries
D'USSE VSOP Cognac 75cl,69999,82720,15%,D'USSE,4.6,20,Groceries
Organic Apple Cider Vinegar 946ml 32oz (Raw/Unfiltered),19500,20000,3%,Generic,3.7,3,Groceries
100pcs Cigarette Filters Disposable Filter For Smokers,7690,13446,43%,Generic,4.8,4,Groceries
52 Pcs Ziplock Bags 26.8 Cm X 27.3 Cm,9999,N/A,N/A,Generic,4.8,4,Groceries
Magic Silicone Glove Dish Washing Cleaning Tools-blue,4160,9520,56%,Generic,4,1,Groceries
Kunimed Activated Charcoal Powder,4800,N/A,N/A,Kunimed,N/A,N/A,Groceries
20pcs Multipurpose Nitrile Gloves,4830 -  5670,13041 -  13122,63%,N/A,5,1,Groceries
"100pcs Plain Ziplock Nylon Food Storage Bag- Medium (11×8"")",13900,N/A,N/A,Generic,4.2,5,Groceries
TEMMY SUCCESS Fenugreek Seed - 200g,4999,9999,50%,TEMMY SUCCESS,N/A,N/A,Groceries
Hemani Black Seeds Oil Effective Super Oil - 60ml,4990,N/A,N/A,Hemani,4.2,45,Groceries
