Name,Current Price,Original Price,Discount,Brand,Rating,Review Count,Product Category
Nexus 5.5kg Twin Tub Washing Machine (NX-WM-5SA),141305,163914,14%,Nexus,4.3,517,Home_Office
Glamstar 1.5HP Inverter Split Copper Air Conditioner (GAC-S12R4I-E) + Free Installation Kit & 12 Months Warranty,392400,470880,17%,Glamstar,4.6,204,Home_Office
Haier Thermocool 146 Litres Chest Freezer (HTF-150) - Silver + 3 Years Warranty,358785,430840,17%,Haier Thermocool,4.4,133,Home_Office
Syinix 2.2L Electric Kettle - Silver SKE22U1,6100,6369,4%,Syinix,4,1528,Home_Office
SILVER CREST 2L Industrial 8500W Food Crusher Blender With 2 In 1 Functionality,18990,23652,20%,SILVER CREST,3.8,5120,Home_Office
DIY Wall Clocks 3D Mirror Stickers Large Wall Clock -Black,3574,6376,44%,Generic,3.6,3664,Home_Office
HANSEN Electric Iron Pressing Clothes 1000W,6900,7011,2%,HANSEN,3.9,879,Home_Office
5Pieces Home Light Bulb LED E27-5W-Cool White Light,1799,3482,48%,Generic,3.9,89,Home_Office
itel Multi-function Blender 1.5L  M1-Lite 350W Motor-easy Mixing,16976,26848,37%,itel,4.1,931,Home_Office
Boscon Auto Ignition Table Top Gas Cooker-2 Burner-Silver,15900,17615,10%,Boscon,3.6,306,Home_Office
Binatone Dry Iron (Di1255) + 2 Years Warranty,13650,16380,17%,Binatone,4,2342,Home_Office
SILVER CREST 6L Extra Large Capacity Digital AirFryer,43580,N/A,N/A,N/A,4.2,283,Home_Office
Binatone Binatone Smoother Gliding Steam Iron (SI-1605) - Blue + 2 Years Warranty.,14975,17970,17%,Binatone,4,6411,Home_Office
Water Filter Purifier 6-Layer Filtering Adjustable Universal,2496,3200,22%,Generic,3.8,874,Home_Office
Binatone 1.5 Litres Blender With Grinder 300W (BLG-410) - White + 2 Years Warranty,29960,35955,17%,Binatone,4.2,119,Home_Office
Large Cotton Bath Towel -Green,7499,15000,50%,Generic,3.9,1153,Home_Office
Skyrun 70 Litres Double Door Top Mount Fridge (BCD-85HC) - Starry Night Black.,190320,193900,2%,Skyrun,3.7,212,Home_Office
Rechargeable Light Bulb Home / Outdoors 20W-Cool White,3630,6402,43%,Generic,3.6,151,Home_Office
Hisense 7.5kg Twin Tub Washing Machine - (WSQB 753 (JF),189999,220399,14%,Hisense,4.2,1585,Home_Office
"SOLITEC 18"" Standing fan plus",19200,20058,4%,SOLITEC,3.9,517,Home_Office
Hc Rechargeable Standing Fan(C168) + Solar panel-White,42532,N/A,N/A,Hc,4.1,412,Home_Office
Aeon 4 Burner 50 x 50 Gas Cooker (AGC5040J) - Black,136960,158874,14%,Aeon,4.2,32,Home_Office
TINMO 18 Inches Rechargeable Standing fan + 12 Months Warranty + Solar Panel & 2 bulbs,55999,58250,4%,N/A,4.1,652,Home_Office
Ultra-Soft Fiber Pillow - 2 pieces,9700,15000,35%,N/A,4.1,206,Home_Office
National Star Sandwich Maker + 12 Months Warranty:model number - NG-205,12999,13967,7%,N/A,4,643,Home_Office
Skyrun 4 Burners（4+0) Gas Cooker Automatic Ignition with 60L Oven - (GCS-4G/X) - Black,142140,146280,3%,Skyrun,4.1,571,Home_Office
Hisense 20 Litres Microwave (H20MOWS14) - White With 1 Year Warranty,79999,81000,1%,Hisense,4.4,142,Home_Office
DIY Wall Clock With Number Stickers - Black - 40cm,4040,6704,40%,Generic,4,551,Home_Office
Aeon 5Kg Twin Tub Washing Machine (ATT05J),138600,167000,17%,Aeon,4.7,3,Home_Office
Panasonic 8.0Liters Extra Large Capacity Airfryer-4500W,44900,65000,31%,Panasonic,4.4,29,Home_Office
SILVER CREST 6.5 Litres Extra Large Capacity Airfryer,45500,96000,53%,SILVER CREST,4.3,237,Home_Office
DIY Wall Clock With Number Stickers - Night - 40cm,5400,10066,46%,Generic,4,503,Home_Office
SILVER CREST 2 Litres German Industrial Blender 8500W,28390,45000,37%,SILVER CREST,3.9,3551,Home_Office
12 Pieces Unbreakable Flat And Soup Plates With Free Spoon,12587,N/A,N/A,Generic,4.1,165,Home_Office
itel 1.7L Electric Kettle Boil-Dry Protection 2000W Fast Heating,11748,33215,65%,N/A,4.4,186,Home_Office
SILVER CREST Industrial 8500W Food Crusher Blender EXTRA MILL JAR,28500,45000,37%,SILVER CREST,3.8,42,Home_Office
Super - Bright Rechargeable Bulb Home Outdoor 30W Cool White,4455,7491,41%,Generic,3.1,83,Home_Office
2 Layer Soap Dish Box/rack,2299,9000,74%,Generic,3.8,1024,Home_Office
Foldable Stripping Multifunctional Combination Tool,22448,25856,13%,Generic,5,2,Home_Office
5Pieces Premium Bulb LED B22-5W-Cool White Light,2277,3482,35%,Generic,4.1,64,Home_Office
Hisense 5kg Top Load Twin Tub Washing Machine (WM503-WSPA) With One Year Warranty,149350,155000,4%,Hisense,4.2,1812,Home_Office
Aeon 90Litres Chest Freezer (ACF90GJ) - Dark Grey,189840,211119,10%,Aeon,4.4,7,Home_Office
Aeon 70L Double Door Fridge (ART85GJ) - Dark Grey,168480,195437,14%,Aeon,4,1,Home_Office
5Pieces Premium Bulb LED B22-5W-Cool White Light,2277,3482,35%,Generic,4.1,64,Home_Office
Syinix Electric Kettle-2.2L,8900,19000,53%,Syinix,4.1,80,Home_Office
DIY Wall Clocks 3D Mirror Stickers Large Wall Clock -Gold,3552,7792,54%,Generic,3.8,1324,Home_Office
Nexus 1HP Split Air Conditioner (NX-MSSH9000SC) - White + Full Installation Kit & 2 Years Warranty,286200,343440,17%,Nexus,4.4,217,Home_Office
Nine 5L Extra Large Capacity Air Fryer,39500,75500,48%,N/A,4.1,913,Home_Office
Nexus 18 Inch Standing Fan (NX-SF5400B),26520,32900,19%,Nexus,4.1,3805,Home_Office
Qasa Ac/dc Dry Iron Inverter Frendly -300w 12V  QDL-300,14699,120000,88%,N/A,4.3,164,Home_Office
Portable Bags With USB Port,16857,33536,50%,Generic,3.5,263,Home_Office
Led 1000watts Solar Street Light With Free Pole,26000,N/A,N/A,N/A,4.1,191,Home_Office
SILVER CREST 2L Industrial 8500W 9525 Motor Dry Grinder Blender With 2 Jar,28700,45000,36%,SILVER CREST,4.1,16,Home_Office
4-in-1 Measuring Tool With 8-foot Measuring Tape,24000,28000,14%,Generic,3.3,4,Home_Office
Mythco Sensor LED Night Lights Cute Mushroom Wall Lamps,2122,4405,52%,Mythco,3.5,438,Home_Office
Kitchen Knife Sharpener Repair Restore And Polish Blades,2899,20000,86%,Generic,3.9,88,Home_Office
Classy 3 Column Mobile Steel Wardrobe Closet(Brown),23745,29996,21%,Generic,3.6,670,Home_Office
High Speed Fast Boiling Heating Electric Kettle,7890,N/A,N/A,Generic,4.3,23,Home_Office
Glamstar 18 Inches Rechargeable Standing Fan  9GSF-938R) - Black,67990,69749,3%,N/A,4.1,749,Home_Office
DIY Wall Clock 3D Mirror Stickers Large Wall Clock,4122,7937,48%,Generic,3.8,559,Home_Office
Humidifier For Bedroom Cool Mist Humidifiers Quiet USB,3904,9760,60%,Generic,3.7,90,Home_Office
Rechargeable Standing Fan 16lnch+LED Lights +Remote,67620,201379,66%,Generic,4.1,36,Home_Office
Glamstar 18 Inches Rechargeable Standing Fan (GSF-938R-B) - White,59999 -  67990,69274 -  69748,14%,N/A,4.1,582,Home_Office
Motor Dry Grinder Blender With 2 Jar,35000,40000,13%,N/A,3.9,20,Home_Office
Pinnacle 5.5kg Twin tub Washing Machine (PWM-707),120671,N/A,N/A,N/A,4,497,Home_Office
Mythco Rechargeable Night Light Study Lamp Desk Led Table Lamp,8321,13748,39%,Mythco,4,252,Home_Office
Sun King Solar Fan With 20W Solar Panel,112784,135700,17%,Sun King,4.1,1396,Home_Office
Mythco USB Powered Remote Control 20-Color Sunset Lamp/Projector,7504,14400,48%,Mythco,4.2,588,Home_Office
Scarlett 7 Speed Electric Hand Mixer Whisk Egg Beater Cake Baking,7999,11000,27%,Scarlett,3.6,21,Home_Office
CYFAZA Portable Closet Storage Organizer Clothes Mobile Wardrobe Shoe Clothing Rack Shelf Dustproof Non-Woven Fabric Easy to Assemble,23731,37223,36%,CYFAZA,4,25,Home_Office
Lovely Bedsheet With Pillowcase.,6999 -  13999,10900 -  18900,36%,N/A,4.1,182,Home_Office
Portable  Insulated Thermal Lunch Bag,3499,10000,65%,Generic,3.6,478,Home_Office
Convenient Camping Cup,20000,23000,13%,Generic,5,2,Home_Office
Hand-Forged High Carbon Steel Yam/Potato/Cucumber/Carrot Peeler,18225,28350,36%,Generic,N/A,N/A,Home_Office
Sun King HomePlus Pro Solar Home Light System,98490,105100,6%,Sun King,4.2,26,Home_Office
"16"" Stainless Steel Dish Drainer With Cup And Cutlery Holder",12999,15000,13%,N/A,3.9,2289,Home_Office
Feng Cheng 11 Cm Portable Stainless Heating Cup With Lid,5999,7900,24%,Feng Cheng,3.7,571,Home_Office
Ring Light And Tripod Stand 10 Inch,14500,N/A,N/A,Generic,4,64,Home_Office
Table Top Double Burner Gas Cooker WITH Auto Ignition,25200,35000,28%,Generic,4,80,Home_Office
Solar LED Outdoor Garden Waterproof Household Solar Light,9760,28704,66%,Generic,3.6,19,Home_Office
Automatic Electric Water Pump USB Rechargeable Dispenser,5152,9902,48%,Generic,4.4,481,Home_Office
Genebre Nano Tape Double Sided Adhesive Tape 3cm X 3m,2737,4315,37%,Genebre,4,114,Home_Office
Aeon 150Litres Chest Freezer (ACF150GJ) - Dark Grey,222830,258483,14%,Aeon,2.5,2,Home_Office
Whistle Stainless Steel Kettle-3Ltrs,8700,10000,13%,Generic,4.1,64,Home_Office
Goldcrown Dry Electric Pressing  Iron,11700,N/A,N/A,Goldcrown,4.1,1000,Home_Office
Cloudoon 32-in-1 Multifunctional Screwdriver Set – Precision Repair Tool Kit,3703,7712,52%,Cloudoon,4.1,105,Home_Office
Wooden Hanger -10 Pieces,12850,20200,36%,N/A,4.5,153,Home_Office
Nine 250ML USB Mini Food Processor Rechargeable (K1228),7200,8500,15%,N/A,3.9,43,Home_Office
EkoTech 2 Layer Soap Dish Box/rack Wall Attachable Holder/Box,2899,3999,28%,N/A,4.4,38,Home_Office
Bedding Sets Quality Bedsheets With Pillowcase,7500 -  14000,N/A,N/A,N/A,4.1,79,Home_Office
420Ml Ultrasonic Cool H2O Portable Humidifier,3795,13650,72%,Generic,3.8,99,Home_Office
120COB Solar LED Light With Motion Sensor And Solar Panel,9250,23247,60%,Generic,3.4,90,Home_Office
Household Constant Temperature Soldering Iron,38000,42000,10%,Generic,5,1,Home_Office
Miratec 13 Inch Ring Light + 210CM Tripod And Bluetooth Remote.,14798,25000,41%,Miratec,4.2,17,Home_Office
Mythco 46 Pieces 1/4 Inch Drive Socket Ratchet Wrench Set Black,9792,18816,48%,Mythco,3.8,208,Home_Office
Philips Dry Iron- Fast And Efficient Guaranteed,19500,33000,41%,Philips,3.7,119,Home_Office
Dish Drainer 2 Tier Large Dish Drying Rack With 2 Drainboard,30799,52599,41%,Generic,4.1,354,Home_Office
Foldable Mosquito Tent Net 【Suitable For 7x7Bed: 6x7Bed: 6x6Bed: 4x6Bed 】,15999 -  21999,N/A,N/A,N/A,4.3,76,Home_Office
Quality Rechargeable Electric Mosquito Killer- Bat-Swatter,10499,N/A,N/A,Generic,3.6,35,Home_Office
Electric Hot Plate_ Double Burner & 6 Pcs Non Stick Spoon,26500,N/A,N/A,Generic,3.8,28,Home_Office
TINMO Airfryer 10L Volume 8L Storage Capacity Model (OLM-KZB006) 1400W+ 12 Months Warranty,48999,55870,12%,N/A,3.9,116,Home_Office
Skyrun 145L Chest Freezer (BD-145A) - Grey,260590,268180,3%,Skyrun,4.3,660,Home_Office
7 Speed Electric Hand Mixer Whisk Egg Beater Cake Baking,7500,9000,17%,Generic,4.1,60,Home_Office
Kamisafe Multi-functional Led Light Rechargeable Table Fan-(0336),18000,40000,55%,Kamisafe,4.4,343,Home_Office
2 Layer Soap Dish Box/rack,2299,9000,74%,Generic,3.8,536,Home_Office
Skyrun 200l Chest Freezer BD-200A Grey,296100,338400,13%,Skyrun,4.2,125,Home_Office
Haier Thermocool 200 Litres Chest Freezer (HTF-200) - Silver + 3 Years Warranty,404670,455785,11%,Haier Thermocool,4.3,415,Home_Office
Hat Bag & Shoe Rack ( For Bags And Shoes),12500,N/A,N/A,N/A,3.9,55,Home_Office
Hisense 1.5HP Split Air Conditioner (AS12TG1) - White With 1 Year Warranty.,347370,402949,14%,Hisense,4.4,164,Home_Office
Bread Toaster/Sandwich Maker,14400,N/A,N/A,N/A,3.8,29,Home_Office
SILVER CREST 6.5L  Extra Large Capacity Digital AirFryer,45500,96000,53%,N/A,4.3,461,Home_Office
2L Double Spray Humidifiers LED Light + 6 Aromatherapy Oil,12059,28706,58%,N/A,4,470,Home_Office
LG Glass Thick Table Top Double Burner WITH Auto Ignition,37500,46000,18%,LG,4.2,168,Home_Office
Anti Slip Bathroom Floor Mat,5700,N/A,N/A,N/A,4.2,45,Home_Office
Mythco Automatic Electric Water Pump USB Rechargeable Dispenser,12986,25245,49%,Mythco,4.6,222,Home_Office
Mythco 100 LEDs Solar Outdoor Lights With Motion Sensor 2 Pack,9824,14002,30%,Mythco,3.5,122,Home_Office
SILVER CREST Commercial Grinder Blender With Extra Mill Jar -8500W,28400,45000,37%,SILVER CREST,4.3,87,Home_Office
"Duravolt 16""  AC/DC  Energy Saving Solar And Inverter Fan-18W",38700,49000,21%,Duravolt,4.1,271,Home_Office
Philips Classic Dry Iron (HD1172) - Grey,12500,40000,69%,N/A,4.2,49,Home_Office
Nexus 4 Burner  (4 + 0) Gas Cooker (GCCR-NX-5055B),146740,170218,14%,N/A,4.2,1115,Home_Office
