Name,Current Price,Original Price,Discount,Brand,Rating,Review Count,Product Category
XIAOMI Redmi PAD SE 4GB RAM/128GB ROM Android 13 WiFi Only - Grey,221160,N/A,N/A,N/A,4.5,10,Phones & Tablets
"Infinix Hot 50 Pro+ 6.78"" 8GB RAM/128GB ROM Android 14- Black",256317,N/A,N/A,Infinix,4.6,47,Phones & Tablets
Ace Elec 20000 MAh Ultra Slim Portable Power Bank,7294,N/A,N/A,Ace Elec,3.7,49125,Phones & Tablets
Ace Elec 20000 MAh Utra Slim Portable Power Bank,7882,N/A,N/A,Ace Elec,3.7,46576,Phones & Tablets
EASYPIE EasyPie 20000mAh Dual Fast Charge 64W Type-C And Micro-USB Portable Power Bank,7392,8896,17%,EASYPIE,3.6,581,Phones & Tablets
Ace Elec 50000 MAh Power Banks With LED Light Portable Super Fast Charger,24882,25882,4%,Ace Elec,3.5,15321,Phones & Tablets
Oraimo Traveler 4 20000mAh 10.5W Power Bank,13488,29904,55%,Oraimo,4,1858,Phones & Tablets
VIC ♛20000mAh Power Banks 74Wh Portable Charger Ultra Slim Battery Pack( Type C Input),7358,19594,62%,N/A,3.4,2675,Phones & Tablets
itel PowerPulse A1160 20000mAh Power-Bank,16503,20173,18%,itel,3.9,4337,Phones & Tablets
Philly 20000mAh Power Charging Bank,7293,13830,47%,Philly,3.6,10622,Phones & Tablets
Ace Elec 50000 MAh Power Banks With LED Light Portable Super Fast Charger..,25882,N/A,N/A,Ace Elec,3.6,1112,Phones & Tablets
Philly 20000mAh Power Charging Bank,7841,14893,47%,Philly,3.6,6313,Phones & Tablets
Philly 30000mAh Power Charging Bank,14104,35227,60%,Philly,3.6,1426,Phones & Tablets
itel TWS BUDSNEO 3 Earbuds Earpods BUDS NEO 3 100Hours ENC Black,14064,30288,54%,N/A,4.3,2051,Phones & Tablets
Philly 50000 MAh Power Charging Bank,24800,44320,44%,Philly,3.7,1782,Phones & Tablets
itel 20000mAh Dual Output Fast Charging Power Bank,15750,20000,21%,itel,3.9,12326,Phones & Tablets
VIC 20000mAh Power Banks Portable Charger Ultra Slim Battery Pack( Type C Input),7376,19200,62%,VIC,3.8,108,Phones & Tablets
"XIAOMI Redmi A5 6.88"" 3GB RAM/64GB ROM Android 15 - Black",98632,N/A,N/A,N/A,4.2,345,Phones & Tablets
VIC ✪20000mAh Power Banks 74Wh Portable Charger Ultra Slim Battery Pack( Type C Input),6992,19952,65%,VIC,3.3,39,Phones & Tablets
Ace Elec 66W Power Banks 20000 MAh  Portable Super Fast Charger,13412,N/A,N/A,Ace Elec,3.7,2808,Phones & Tablets
Ace Elec 20000MAH Power Banks Portable Super Fast Charger - 22.5W,7999,13412,40%,Ace Elec,3.7,148,Phones & Tablets
"Nokia 105_African Edition1.77""4MB/4MB800MAh Dual Sim- Charcoal",12005,12105,1%,N/A,4.2,264,Phones & Tablets
itel PowerPulse 20000mAh 12W Fast Charging Torch Power Bank,15950,20000,20%,itel,3.9,1361,Phones & Tablets
itel Storm Ultra 2.02'' HD Scratchproof IP68 O23 Smart Watch StormUltra Black,20368,40384,50%,itel,4.3,3170,Phones & Tablets
Guixia Air31 Wireless Bluetooth 5.3 In Ear Transparent Earphones,4617,6545,29%,Guixia,3.5,1142,Phones & Tablets
Oraimo SpaceBuds Neo True Wireless Spatial Earbuds,16000,48000,67%,Oraimo,4.4,452,Phones & Tablets
itel TWS BudsFit 5 Earbuds C-Bridge Design  Starry Purple,22798,32892,31%,N/A,4.4,329,Phones & Tablets
"Tecno T101 1.8"" Dual SIM  - Black",12105,N/A,N/A,Tecno,3.8,924,Phones & Tablets
"XIAOMI Redmi A5 6.88"" 4GB RAM/128GB ROM Android 15 - Ocean Blue",111684,N/A,N/A,N/A,4.1,335,Phones & Tablets
"Samsung Galaxy A05 6.7"" 4GB RAM/64GB ROM Android 13 - Black",111577,120577,7%,Samsung,4,433,Phones & Tablets
Phone Tripod Moblie Phone Clip Bracket Monopod Stand,3118,4108,24%,N/A,3.5,2173,Phones & Tablets
"itel Smart Watch Fit O20 2.04"" HD Display IP68 AI-Powered Black",18880,23728,20%,N/A,4.3,472,Phones & Tablets
Philly 30000 MAh Large Capacity Portable Power Bank With LED Lights,15390,35446,57%,Philly,3.8,478,Phones & Tablets
2.2'' Full Touch Screen Smart Watch - For Android & IOS,8490,19895,57%,Generic,3.4,357,Phones & Tablets
XIAOMI Redmi 14C 6.88'' 4GB RAM/128GB ROM Android 14 - Midnight Black,125712,N/A,N/A,XIAOMI,4.2,277,Phones & Tablets
P9 Wireless Bluetooth Stereo For Games And Music Headphone,6985,18000,61%,N/A,3.7,316,Phones & Tablets
EAGEAT Wireless Earpods Bluetooth 5.0 Earphones,5300,5959,11%,N/A,3.4,1306,Phones & Tablets
TiLECC 2023 New T900 Pro Max 49mm 2.09-inch Smart Watch,9599,19392,51%,TiLECC,3.5,1330,Phones & Tablets
Philly 50000 MAh Power Charging Bank,24601,42279,42%,Philly,3.7,705,Phones & Tablets
EAGEAT Phone Stand Adjustable Swivel  Desktop Metal Tablet Stand,2624,4261,38%,N/A,4,969,Phones & Tablets
Maxmech BRUSH CUTTER GRASS CUTTING MACHINE,127000,155000,18%,Maxmech,N/A,N/A,Phones & Tablets
WORK MASTER WOOD CIRCULAR SAW MACHINE 7¼INCH-1600WATTS,64900,70000,7%,WORK MASTER,N/A,N/A,Phones & Tablets
TiLECC 2023 New T900 Pro Max 49mm 2.09-inch Smart Watch,9599,19392,51%,TiLECC,N/A,N/A,Phones & Tablets
TiLECC M10 Wireless Bluetooth Earphones Waterproof LED Dispay Headset Hifi Stereo,5007,11238,55%,TiLECC,N/A,N/A,Phones & Tablets
TiLECC T900 Ultra2 Smart Watch 2.19-inch High Bluetooth Call Intelligent IP67 Waterproof,10006,24067,58%,TiLECC,N/A,N/A,Phones & Tablets
2PCS MOBILE GAMING THUMB SLEEVES SETS,3000,4000 -  4500,33%,N/A,N/A,N/A,Phones & Tablets
Over-Ear Wireless Bluetooth Headsets Earpods Stereo Earbuds,11504,17776,35%,Generic,N/A,N/A,Phones & Tablets
Two Lion OVERLOCK WEAVING INDUSTRIAL SEWING MACHINE,118000,140000,16%,Generic,N/A,N/A,Phones & Tablets
ELECTRONIC DIGITAL PRICE COMPUTING WEIGHTING SCALE 40KG,32900,70000,53%,Generic,N/A,N/A,Phones & Tablets
Maxmech ANGLE GRINDER 4INCH MACHINE GRINDING CUTTER,28000,120000,77%,Maxmech,N/A,N/A,Phones & Tablets
TOOLS BOX KIT SET WITH 12V CORDLESS DRILL 13MM MACHINE,62800,80000,22%,Generic,N/A,N/A,Phones & Tablets
Jbl TUNE 720BT WIRELES ON-EAR HEADSET,110500,130000,15%,Jbl,N/A,N/A,Phones & Tablets
itel 2165 Wireless FM Torch Dual SIM Phone + 24 Month Warranty,9990,18000,45%,itel,4.2,380,Phones & Tablets
Bluetooth Selfie Stick Tripod + Fill Light +Shutter Remote,4347,20093,78%,Generic,3.6,2506,Phones & Tablets
Cell Phone Desktop Stand Folding Lifting Cell Phone Stand,2608,4064,36%,Generic,3.9,171,Phones & Tablets
XIAOMI Redmi 14C 6.88'' 8GB RAM/256GB ROM Android 12-Midnight Black..,157722,N/A,N/A,N/A,4.2,120,Phones & Tablets
EAGEAT Phone Stand Adjustable Swivel  Desktop Metal Tablet Stand,2624,4261,38%,N/A,4,969,Phones & Tablets
itel Storm Ultra 2.02'' HD Scratchproof IP68 O23 Smart Watch StormUltra Gold,21993,51520,57%,itel,4.3,1519,Phones & Tablets
Oraimo Watch 5 Litev 2.01'' AMOLED Screen Smart Watch,16496,20800,21%,Oraimo,4.3,205,Phones & Tablets
XIAOMI REDMI A5 -  6.88   4GB RAM/128GB ROM  -- BLACK,111684,N/A,N/A,N/A,4.1,175,Phones & Tablets
"Realme C75x-6.67""8/256GB50MP/8MPAndroid5310mAh-Oceanic Blue",214699,216000,1%,Realme,5,1,Phones & Tablets
itel PowerPulse A148127000mAh PowerBank  +18W Charger,26501,46626,43%,itel,4.2,856,Phones & Tablets
my-tell Feature Phone Dual Sim  Camera Bluetooth Wireless FM Mp3,9821,18113,46%,N/A,2.3,3,Phones & Tablets
itel TWS BudsAir Pro Earphones Earbuds Bluetooth5.4 ENC Black,11286,24247,53%,N/A,4.3,1209,Phones & Tablets
Zealot S32 Bluetooth Speaker Portable 3D Stereo Soundwoofer,18000,39800,55%,Zealot,4.1,600,Phones & Tablets
EAGEAT F9 Wireless Headset Bluetooth Earphone True Bass,4499,9055,50%,N/A,3.9,2803,Phones & Tablets
New Age 22500 Fast Charge Type-C Input & Output Powerbank with Torch Light,16999,35000,51%,New Age,4,678,Phones & Tablets
PHILLY 50W Iphone Type-c To Lighting  Fast  Charger,3912,11077,65%,Generic,4.1,326,Phones & Tablets
Over-Ear Wireless Bluetooth Headsets Earpods Stereo Earbuds,11504,17776,35%,Generic,4.1,399,Phones & Tablets
Philly 21800mAh Power-Banks LED Display 4 In 1 Cable,9856,14256,31%,Philly,3.7,488,Phones & Tablets
itel TWS BudsFit 5 Earbuds C-Bridge Design Space Grey,22798,32892,31%,N/A,4.5,205,Phones & Tablets
Philly Philly 50000 MAh 66W PD Super Fast Charging Power Banks,25792,35227,27%,Philly,4,166,Phones & Tablets
itel 1.83'' Sones Smartwatch (ISW-O11) - Black,14720,22560,35%,itel,4.1,5451,Phones & Tablets
"Samsung Galaxy A05 6.7"" 4GB RAM/64GB ROM Android 13 - Black",115160,124160,7%,Samsung,4.3,296,Phones & Tablets
Kingnote 2.09''inch Smartwatch Native Storm Waterproof T900U Black,8415,52058,84%,Kingnote,3.6,149,Phones & Tablets
Oraimo 20000MAH Fast Powerbank -long Lasting Power For Days,15290,29110,47%,Oraimo,3.9,1021,Phones & Tablets
Philly Power Banks 21800mah  Fast Charge For Phones-Black,8052,14523,45%,Philly,3.6,414,Phones & Tablets
10 PIECES Anti-sweat Mobile Game Controller Finger Sleeve Gaming Cot Gloves Mobile Gaming Thumb Sleeve Sets Wasp Feelers PUBG/CODM/FREEFIRE Hand Sweatproof Trigger Breathable PUBG/ CALL OF DUTY/ FREE FIRE,2300,N/A,N/A,Generic,4.1,431,Phones & Tablets
Philly 20000mAh 2.1A Fast Power Banks  For All Phones-Black,7293,13830,47%,Philly,3.6,8,Phones & Tablets
Phone Cooler With Game Finger Sleeves,3999,9995,60%,N/A,3.6,1414,Phones & Tablets
LESIA L 256_ 2.432MB ROM/32MB2500MAh Dual Sim- Blue,10061,N/A,N/A,N/A,4,50,Phones & Tablets
Philips Fun100 Wireless FM - Deep Blue,10800,12300,12%,N/A,4.3,48,Phones & Tablets
"LESIA L176_ 1.77""32MB ROM/32MB800MAh Dual Sim- Sky Blue",7368,N/A,N/A,N/A,3.9,110,Phones & Tablets
Phone Tripod Stand Selfie Sticks Multifunctional Wireless,3749,7873,52%,N/A,3.7,133,Phones & Tablets
Philips Fun100 Wireless FM - Deep Blue,11750,12300,4%,N/A,4.1,306,Phones & Tablets
GUIXIA  Tws Wireless Bluetooth Headsets Earphones I12,4860,8100,40%,Generic,3.3,2885,Phones & Tablets
EAGEAT Wireless Earpods Bluetooth 5.0 Earphones Pink,4739,6319,25%,N/A,3.5,1540,Phones & Tablets
itel TWS BUDSNEO 3 Earbuds  ENC Blue,30477,N/A,N/A,N/A,4.3,557,Phones & Tablets
Kingnote 2.19''inch Smartwatch Native Storm Waterproof C90PRO Black,9570,49962,81%,Kingnote,3.7,112,Phones & Tablets
VANIR VANIR Wireless In-ear Earbuds With Noise Cancellation,12075,24295,50%,N/A,3.9,533,Phones & Tablets
itel  BudsAce ANC Buds,9712,26912,64%,N/A,4.1,123,Phones & Tablets
Adjustable Phone Stand 0041,2850,4990,43%,Generic,4,813,Phones & Tablets
Maxmech BRUSH CUTTER GRASS CUTTING MACHINE,127000,155000,18%,Maxmech,N/A,N/A,Phones & Tablets
WORK MASTER WOOD CIRCULAR SAW MACHINE 7¼INCH-1600WATTS,64900,70000,7%,WORK MASTER,N/A,N/A,Phones & Tablets
TiLECC 2023 New T900 Pro Max 49mm 2.09-inch Smart Watch,9599,19392,51%,TiLECC,N/A,N/A,Phones & Tablets
TiLECC M10 Wireless Bluetooth Earphones Waterproof LED Dispay Headset Hifi Stereo,5007,11238,55%,TiLECC,N/A,N/A,Phones & Tablets
TiLECC T900 Ultra2 Smart Watch 2.19-inch High Bluetooth Call Intelligent IP67 Waterproof,10006,24067,58%,TiLECC,N/A,N/A,Phones & Tablets
2PCS MOBILE GAMING THUMB SLEEVES SETS,3000,4000 -  4500,33%,N/A,N/A,N/A,Phones & Tablets
Over-Ear Wireless Bluetooth Headsets Earpods Stereo Earbuds,11504,17776,35%,Generic,N/A,N/A,Phones & Tablets
Two Lion OVERLOCK WEAVING INDUSTRIAL SEWING MACHINE,118000,140000,16%,Generic,N/A,N/A,Phones & Tablets
ELECTRONIC DIGITAL PRICE COMPUTING WEIGHTING SCALE 40KG,32900,70000,53%,Generic,N/A,N/A,Phones & Tablets
Maxmech ANGLE GRINDER 4INCH MACHINE GRINDING CUTTER,28000,120000,77%,Maxmech,N/A,N/A,Phones & Tablets
TOOLS BOX KIT SET WITH 12V CORDLESS DRILL 13MM MACHINE,62800,80000,22%,Generic,N/A,N/A,Phones & Tablets
Jbl TUNE 720BT WIRELES ON-EAR HEADSET,110500,130000,15%,Jbl,N/A,N/A,Phones & Tablets
