Name,Current Price,Original Price,Discount,Brand,Rating,Review Count,Product Category
GUEETON 128GB Metal OTG Usb Flash Drive Waterproof 3D Embossment,5522,11157,51%,GUEETON,3.6,2463,Computing
EAGEAT 10 Speed Adjustable Laptop Stand+phone Stand,3600,5040,29%,N/A,4.1,2360,Computing
EAGEAT 10 Speed Adjustable Laptop Stand+phone Stand,3645,6140,41%,N/A,4.1,1974,Computing
EAGEAT Wireless 2.4GHz Mice Rechargeable Mute,3904,7588,49%,EAGEAT,4.5,383,Computing
GUEETON Ultra-thin Wireless Mouse 2.4G Bluetooth Dual Mode Rechargeable Silver,4176,19200,78%,GUEETON,4.3,4708,Computing
EAGEAT Wireless 2.4GHz Mice Rechargeable Mute,3856,24992,85%,EAGEAT,4.6,215,Computing
GUEETON 128GB OTG 3 In 1 Usb Flash Drive Type C,6753,9942,32%,GUEETON,3.5,2900,Computing
LZDUATAN 10 Steps Laptop Stand,2995,5297,43%,LZDUATAN,4.2,2452,Computing
GUEETON 128GB  USB Flash Drive metal hook with OTG 3 In 1 usb dadapter cable,6360,16744,62%,GUEETON,3.7,1458,Computing
VIC ♛128GB USB3.0 Metal Flash Drives Portable Usb Drive Waterproof Memoria Usb Disk,5528,12342,55%,VIC,3.5,212,Computing
LZDUATAN 10 Steps Laptop Stand Desktop Stand Can Be Adjusted In,3370,5608,40%,LZDUATAN,4.3,2788,Computing
10 Inch LCD Writing Tablet Electronic Digital Drawing Board,3200,5344,40%,N/A,4.3,261,Computing
GUEETON LED 2.4G Rechargeable Wireless Mouse Bluetooth 2 Modes,4170,11270,63%,GUEETON,4.4,3098,Computing
7 Steps Laptop Stand Desktop Stand Can Be Adjusted,3155,4404,28%,N/A,3.2,244,Computing
Macbook PRO Laptop A1278 13.3 Inch Core I5 2.5GHz 8GB RAM 500GB EN/AR Keyboard,191680,N/A,N/A,N/A,3.9,18,Computing
GUEETON Plastic Foldable Adjustable Stand Holder For Laptop White,3059,5072,40%,GUEETON,4.1,938,Computing
GUEETON Metal Foldable Adjustable Stand Holder For Lap top  Silver,5214,10296,49%,GUEETON,4.6,104,Computing
Plastic Foldable Adjustable Stand Holder For Laptop Black,3008,13296,77%,Generic,4.3,1665,Computing
Eaget Pen Flash Drive 3.0 128GB - Metal OTG Micro USB Type-C,6819,9168,26%,N/A,3.8,1766,Computing
Mtng 4G LTE MiFi - M30S PRO + Free 30GB Data Bonus On Activation..,14250,15000,5%,Mtng,4.1,149,Computing
"High Quality Padded Laptop Bag  Laptop Pouch Laptop Case Sleeve Messenger Office  Corporate Bag Seminar Souvenir Gift Item 15.6""",7500,10000,25%,Fashion,4.6,13,Computing
Starlink Standard Kit- GEN 2,467900,700000,33%,Starlink,4.4,609,Computing
Kingnote 64GB High Speed Class 20 TF(SD) Memory Card 3 Free Gifts,6318,26260,76%,Kingnote,4.4,92,Computing
8.5 Inch LCD Writing Tablet Electronic Digital Drawing Board,3040,4512,33%,N/A,4.1,167,Computing
Ace Elec 14.1'' Intel(R)Pentium(R) CPU N3700 16GB+128GB - Silver,216000,220442,2%,Ace Elec,3.7,80,Computing
EAGEAT 2.4GHz Three-speed Wireless Rechargeable Game Mouse,8175,25539,68%,N/A,4.5,231,Computing
Rechargeable Wireless Bluetooth Mouse(2.4Ghz)--BLACK,4089,9000,55%,Generic,4.5,392,Computing
Foldable Portable Metal Laptop Stand With Detachable Fan,8416,10428,19%,Generic,4.3,146,Computing
Eaget Pen Flash Drive 64GB Metal OTG Micro USB Type-C,5600,6448,13%,N/A,4,9877,Computing
Kingnote 32GB High Speed Class 20 TF(SD) Memory Card 3 Free Gifts,4950,20699,76%,Kingnote,4.3,43,Computing
EAGEAT Luminous Keyboard And Mouse Set  E-sports Game,9995,23296,57%,N/A,4.1,43,Computing
Hp Stream 11 Pro Intel Celeron 4GB RAM- 64GB HDD WIN 10+ BAG,145000,N/A,N/A,Hp,4,8,Computing
900*400mm Oversized Mouse Pad World Map Non-slip Keyboard Pad Desk Mat,6682,10046,33%,N/A,4.6,806,Computing
Kingnote Wireless Rechargeable Mouse -Black,4620,6254,26%,Kingnote,4.5,126,Computing
VIC ♛256GB USB3.0 Metal Flash Drives Portable Usb Drive Waterproof Memoria Usb Disk,7913,16219,51%,VIC,3.6,107,Computing
TWO (2) FLEXIBLE NON RECHARGEABLE USB LED BULBS Lights / LIGHT FOR COMPUTERS / LAPTOP KEYBOARDS & POWER BANK USB PORT,1990,6000,67%,Generic,4.2,79,Computing
EAGEAT Metal Foldable Laptop Tablet Stand,4975,6999,29%,N/A,3.9,8,Computing
JIYUE Flash Drive 3.0 128GB Metal OTG Micro USB Type-C,6474,10784,40%,JIYUE,3.8,429,Computing
"Blueing 15.6"" Laptop J4125 8GB+256GB SSD Student Portable Computer",231000,398475,42%,Blueing,4,51,Computing
USB 3.1 500G SSD External Moblie Hard Drive,24100,N/A,N/A,Generic,3,3,Computing
Wireless Vibration Controller DUAL SHOCK Wireless Pc Gaming Pad For Laptop / PS3 / PS2,11200,N/A,N/A,Generic,N/A,N/A,Computing
HD 1080P HDMI-Compatible To VGA Adapter Jack Audio Converter,2793,11650,76%,Generic,N/A,N/A,Computing
LASA USB Micro B To Type C 3.1 To External Hard Drive Cable -30cm,4830,8050,40%,LASA,N/A,N/A,Computing
LASA USB-C to USB-C Cable – 3A Fast Charge 15cm Length,1600,8000,80%,LASA,N/A,N/A,Computing
LASA CAT6A Ethernet Cable -3M,2400,9600,75%,LASA,N/A,N/A,Computing
7 Steps Laptop Stand Desktop Stand Can Be Adjusted,3155,4404,28%,N/A,N/A,N/A,Computing
LASA USB 3.0 1G / 1000MB Ethernet Network Adaptor - Black,17600,24000,27%,LASA,N/A,N/A,Computing
LASA CAT6A Ethernet Cable - 1M,4830,8050,40%,LASA,N/A,N/A,Computing
Mythco V8 Live Sound Card Podcast Equipment Bundle BM-800 Recording Studio Package with Voice Changer,31459,48187,35%,Mythco,N/A,N/A,Computing
Hp ProBook 11 X360- TOUCH- 512GB SSD/4GB RAM-Intel CELERON QUAD CORE WIN10 Pro +Mouse &USB Light,250000,N/A,N/A,Hp,N/A,N/A,Computing
LASA USB3.0 Type A To Micro Usb B Cable - 30CM,2400,8000,70%,LASA,N/A,N/A,Computing
Logitech C270 HD Webcam 720p Picture Capturing & Video Calls,26999,N/A,N/A,Logitech,N/A,N/A,Computing
T505 Graphics Drawing Tablet Ultralight Art Creation Sketch,37674,72466,48%,Generic,4.4,299,Computing
Anti Blue Light Glasses Photochromic Computer Ray Glasses,8799,12499,30%,N/A,3.9,59,Computing
EAGEAT Metal Foldable Laptop Tablet Stand,4975,6999,29%,N/A,4.5,213,Computing
USB 3.1 500G SSD External Moblie Hard Drive,24150,30703,21%,Generic,4,141,Computing
Hp Thin USB Optical Wireless Mouse 2.4G Receiver Super Slim Mouse For Computer PC Laptop Desktop 0032,4340,5000,13%,Hp,4,230,Computing
Mouse Pad With Wrist Rest Support For PC,2981,5054,41%,Generic,4.2,95,Computing
"10"" Wireless BT Keyboard Ultra-thin Rechargeable Mixed Light",18274,21960,17%,Generic,4.2,337,Computing
2.4G Optical Wireless Rechargeable Slim Mouse - Black,4800,14144,66%,Generic,4.5,1177,Computing
Power USB 5v To DC 12v Cable Lamp Cord Cable DC 5V To 12V USB CONVERTER Cable Wifi Router (12V),3390,8000,58%,Usb,3.6,78,Computing
JIYUE Flash Drive 3.0 64GB Metal OTG Micro USB Type-C,4935,9118,46%,JIYUE,3.7,223,Computing
Mouse Pad Gaming Mouse Pad Silk Gliding Mouspad (PLAIN),2620,6740,61%,Mouse Pad,4.4,60,Computing
TiLECC 7in1 USB Type C Hub Multi Port Adapter Splitter Dock Station,9599,17841,46%,TiLECC,4.3,70,Computing
MC Laptop Stand With Cooling Fan Low Noise Adjustable Height,13830,58427,76%,MC,4.5,419,Computing
Portable Handheld Turbo Fan,28000,32000,13%,Generic,5,1,Computing
EAGEAT Pen Flash Drive 3.0 256GB - Metal OTG Micro USB Type-C,8100,12960,38%,N/A,4,5,Computing
2.4G Wireless Optical Vertical Mouse 6 Keys Ergonomic,8936,16084,44%,Generic,4.5,338,Computing
JIYUE Flash Drive 256GB Metal OTG Micro USB Type-C,8999,13060,31%,Generic,3.6,223,Computing
Kingnote High Speed 3.0 Flash Drive 16GB Metal OTG Micro USB Type-C,4742,10006,53%,Kingnote,4.1,15,Computing
EAGEAT Pen Flash Drive 2.0 128GB - Metal OTG Micro USB Type-C,6846,9168,25%,N/A,3.8,75,Computing
Colors Backlit I8 Mini Wireless Keyboard 2.4GHz Air Mouse With Touchpad For TV BOX Tablet PC,7406,13105,43%,Generic,4.3,201,Computing
TWO (2) POWER SAVING FLEXIBLE USB LED LIGHT / LIGHTS FOR COMPUTERS KEYBOARDS - POWER BANK USB PORT AND ROOM - LIGHTS 0033,1990,5000,60%,Generic,4.1,426,Computing
Hxsj L100 Wireless Gaming Keyboard With RGB Backlight,27644,53194,48%,Hxsj,4.7,176,Computing
7 Inch Wireless Bluetooth Keyboard For Phone And Tablet-VSC,7390,14216,48%,Generic,4.2,426,Computing
4 In 1 HUB USB2.0 Extension Dock-black,2990,4485,33%,N/A,3.1,29,Computing
Otg 2 In 1 OTG_Type-C USB 3.0 Android Flash Drive Card Reader,2990,9500,69%,Otg,4,110,Computing
Airtel Universal 4G LTE Pocket WiFi Hotspot With 150mbs Mifi Speed Download For All Networks (Aìrtel Glò Smile Spèctranet) (Airtelunlocked),21900,N/A,N/A,Airtel,3.8,63,Computing
Airtel 4G LTE Universal Mobile MiFi WiFi Internet (unlocked)plus Free 30GB Data Bonus On Activation,21000,25000,16%,N/A,4.2,17,Computing
6 In1 Multi Ports USB Type C Hub Splitter Adapter,9187,26000,65%,Generic,4.6,97,Computing
2.4G Wireless Mouse Ultra-thin Mute Mouse 4 Keys - Blue,3928,7567,48%,Generic,3.9,543,Computing
Hp ProBook 11 X360- TOUCH- 256GB SSD/4GB RAM-Intel CELERON QUAD CORE WIN10 Pro +Mouse &USB Light,220000,N/A,N/A,Hp,4.3,28,Computing
Rechargeable Wireless Bluetooth Mouse(2.4Ghz)--WHITE,3981,9000,56%,Generic,4.5,256,Computing
White Label Colorful LED 2.4G Rechargeable Mouse - Black,3784,6440,41%,White Label,4.8,13,Computing
Laptop Stand With Cooling Fan Adjustable Speed,14893,28658,48%,Generic,4.1,51,Computing
Metal Material Laptop Stander Portable Bracket Fold Radiator,4046,10653,62%,N/A,4.5,171,Computing
USB led Night Lighting Light Version Portable,990,1300,24%,Generic,3.9,155,Computing
MTN 4G Wireless Router CPE ZTE K10 + Free 50GB Data On Activtn,20000,N/A,N/A,MTN,4.1,53,Computing
1 PCS USB Led Light For Computer Keyboard And Home,999,N/A,N/A,N/A,4.5,20,Computing
Bisofice 58mm Mini Portable Thermal Printer Wireless Lable Receipt,25690,48810,47%,Bisofice,3.9,129,Computing
Hp 32GB Pendrive USB Flash Drive 3.0 High Speed,4309,5935,27%,N/A,4.2,514,Computing
FYLO W2 Wireless Bluetooth Mouse Predator,6440,12880,50%,FYLO,4.6,34,Computing
Wireless Vibration Controller DUAL SHOCK Wireless Pc Gaming Pad For Laptop / PS3 / PS2,11200,N/A,N/A,Generic,N/A,N/A,Computing
HD 1080P HDMI-Compatible To VGA Adapter Jack Audio Converter,2793,11650,76%,Generic,N/A,N/A,Computing
LASA USB Micro B To Type C 3.1 To External Hard Drive Cable -30cm,4830,8050,40%,LASA,N/A,N/A,Computing
LASA USB-C to USB-C Cable – 3A Fast Charge 15cm Length,1600,8000,80%,LASA,N/A,N/A,Computing
LASA CAT6A Ethernet Cable -3M,2400,9600,75%,LASA,N/A,N/A,Computing
7 Steps Laptop Stand Desktop Stand Can Be Adjusted,3155,4404,28%,N/A,N/A,N/A,Computing
LASA USB 3.0 1G / 1000MB Ethernet Network Adaptor - Black,17600,24000,27%,LASA,N/A,N/A,Computing
LASA CAT6A Ethernet Cable - 1M,4830,8050,40%,LASA,N/A,N/A,Computing
Mythco V8 Live Sound Card Podcast Equipment Bundle BM-800 Recording Studio Package with Voice Changer,31459,48187,35%,Mythco,N/A,N/A,Computing
Hp ProBook 11 X360- TOUCH- 512GB SSD/4GB RAM-Intel CELERON QUAD CORE WIN10 Pro +Mouse &USB Light,250000,N/A,N/A,Hp,N/A,N/A,Computing
LASA USB3.0 Type A To Micro Usb B Cable - 30CM,2400,8000,70%,LASA,N/A,N/A,Computing
Logitech C270 HD Webcam 720p Picture Capturing & Video Calls,26999,N/A,N/A,Logitech,N/A,N/A,Computing
