Name,Current Price,Original Price,Discount,Brand,Rating,Review Count,Product Category
F&D HT330 Bluetooth Soundbar + Subwoofer - Black,230000,N/A,N/A,F&D,5,2,Electronics
SILVER CREST 2L Industrial 8500W Food Crusher Blender With 2 Jar,24990,27034,8%,SILVER CREST,4,9269,Electronics
Hikers 32'' Frameless Android Smart HD LED TV - Black + 1 Year Warranty,110999,146784,24%,N/A,4.1,613,Electronics
Zealot S67 Portable 75W Wireless Bluetooth Speaker,59999,75000,20%,Zealot,4.3,990,Electronics
Sonivia Powerful Bluetooth Home Theater with extra bass,31999,35715,10%,Generic,4,633,Electronics
Hikers 32'' Inches Frameless HD LED TV-Black,94999,124192,24%,Hikers,4.2,140,Electronics
TCL 55 Inches UHD 4k Google Smart TV (55P635) + 1 Year Warranty,459999,578760,21%,TCL,4.5,65,Electronics
Hikers 43'' Inch Frameless Android Smart FHD LED TV - Black-One Year Warranty,202337,225093,10%,N/A,4.3,273,Electronics
Zealot S67 Portable 60W Wireless Bluetooth Speaker,69995,155000,55%,N/A,4.2,342,Electronics
TV Box MXQ PRO 4K Android 12 WiFi 1+8,21461,96600,78%,Generic,3.9,340,Electronics
itel 5 Sockets 3Metre Cord Power Strip Extension Box,6350,10000,37%,itel,4.6,566,Electronics
Hikers - 24” HD Digital LED TV - Black 1YR WRTY,77699,257813,70%,Hikers,4.2,37,Electronics
P9 Wireless Bluetooth Headset Headphone-Black,7150,12900,45%,Generic,4.4,24,Electronics
3D VR Headset/Virtual Reality For All Phone,10159,18740,46%,Generic,3.4,128,Electronics
"Infinity 32""INCHES SMART ANDROID TV + Free Wall Hanger",139499,188000,26%,N/A,4.2,75,Electronics
P9/12 Wireless Bluetooth Headset Headphone-Black,7900,10999,28%,N/A,3.9,22,Electronics
Smart Android Tv Box MXQ Pro 5G 4K Ultra HD Video + HDMI Cable,24105,28930,17%,Generic,3.2,45,Electronics
Binatone Automatic Voltage Protector (AVP-1300) - White + 2 Years Warranty,12640,15170,17%,N/A,4.4,325,Electronics
Hikers 50'' Inch Frameless Android Smart 4K LED TV-Black+WALLMOUNT - One Year Warranty,312999,378720,17%,N/A,4.3,31,Electronics
Zealot S-67 Portable Wireless Bluetooth Speaker,69999,88000,20%,Zealot,4.3,221,Electronics
Mi+ NETFLIX Prime Video YouTube installed MXQ pro Smart Box with MI+ 32” LED Tv,126500,143415,12%,Mi+,3.9,44,Electronics
Djack Super Powerful Bluetooth Home Theatre System (D3L) -  Black,53500,56000,4%,Djack,4,166,Electronics
Solid Bluetooth Home Theater 2 Years Warranty,43300,N/A,N/A,Generic,4.4,86,Electronics
Imenso Sounds Of Camden -Bluetooth Rechargeable Soundbar With Inbuilt Woofer Extralong 96CM 3.1CH Bluetooth 5.2 .,39800,76000,48%,Imenso,4.4,32,Electronics
Qsonic Bolan 900D Series.2.1 ch Surround Soundbar Home cinema with immersive Technology + BigSound Subwoofer and Upfiring inbuilt speakers S-2001 S-2001,89989,135000,33%,Qsonic,4,273,Electronics
STONE-TECH TV Guard Fridge TV Voltage Surge Protector,4500,9000,50%,STONE-TECH,4.3,401,Electronics
Zealot S38 3D Hifi Stereo Sound Bluetooth Powerful Speake,37800,75000,50%,N/A,3.5,48,Electronics
"UFC 32""INCHES SMART FRAMELESS ANDROID TV 2 YEARS WARRANTY",132990,N/A,N/A,UFC,4.6,41,Electronics
Century 50 Inches VIDA Smart 4K UHD TV (CTV-50) + 1 YEAR WARRANTY,330990,446927,26%,N/A,4.5,21,Electronics
12 Inch Ring Light + 210CM Tripod,13900,14800,6%,Generic,4.2,45,Electronics
Letv 32'' Inches Frameless HD LED TV-Black + 1 YEAR WARRANTY,99000,103330,4%,Letv,4,32,Electronics
Foldable Bluetooth Wireless Headphones P47 - Black,5900,10000,41%,Generic,3.7,91,Electronics
AEC HIFI Bluetooth Headsets Built-In Microphone Noise Cancelling,14880,27632,46%,AEC,4.2,132,Electronics
Power Strip 6 AC Sockets & 3 USB 1 Type C Port 6FT Cord,14297,21445,33%,N/A,4.4,358,Electronics
Amani 32”Smart UHD 4K TV+NetflixYoutubeAndroid+FREE GIFT,130000,199201,35%,Amani,4.2,93,Electronics
Wireless Remote Switch,24000,26000,8%,Generic,1,1,Electronics
UFC 55 Inch 4K Ultra-HD Smart Freamless Android TV+ FREE WALL HANGER,368990,N/A,N/A,UFC,4.3,90,Electronics
Oraimo Pods Pro Powerful Bass Tws Wireless Earbuds,7000,10000,30%,N/A,3.8,20,Electronics
Wireless Stereo Earphone Wireless Earpiece 5 3 Bluetooth Earbùds Earphones Earpòds Single Aìrpods Wireless Slide Earphones One Ear 0 Bud Cover For Android And Iphone àirpods Blootooth (v9),7250,N/A,N/A,Wireless Stereo Earphone,4,69,Electronics
Mi+ 2.1Ch Audio Sound Bar With Subwoofer High Bass,54990,N/A,N/A,Mi+,4,29,Electronics
SPY Camera For Security Mini Digital Hidden Compact Camera Cctv WiFi HD1080P(Support Night Vision),12687,14393,12%,N/A,N/A,N/A,Electronics
2NLF 2nlf® Double Screen Full HD Security Camera With Alarm,24288,30816,21%,2NLF,N/A,N/A,Electronics
LASA 8K 60hz DP 1.4 To DisplayPort Cable HDR Support 2M,6400,24000,73%,LASA,N/A,N/A,Electronics
LASA 3.5 MM Audio Cable Male To Male - 0.9M,6520,9780,33%,LASA,N/A,N/A,Electronics
Mythco V8 Live Sound Card USB External Audio Mixer For Karaoke Recording Live Broadcast KTV Voice Chat,9999,16999,41%,Mythco,N/A,N/A,Electronics
Starry Projector Light Astronaut Night Light With Bluetooth Speaker For Party,16000,16160,1%,Generic,N/A,N/A,Electronics
LASA USB-C To HDMI 4k@60hz Cable-1.8M,9600,24000,60%,LASA,N/A,N/A,Electronics
LASA AUX AUDIO 3.5MM CABLE CAR ELBOW FLAT MALE TO MALE 1.5M,4830,N/A,N/A,LASA,N/A,N/A,Electronics
LASA 8K Certified Ultra High Speed Hdmi Cable - Black - 3 M,4800,12800,63%,LASA,N/A,N/A,Electronics
Anker Soundcore R50i Waterproof Gaming Earbuds,22998,N/A,N/A,Anker,N/A,N/A,Electronics
2NLF 2nlf® 12mp Three Lens Three Screen Surveillance Camera,39616,87584,55%,2NLF,N/A,N/A,Electronics
Ptz Wifi Ip Mini Camera E27 Bulb Security Surveillance Smart Home Monitoring Cctv Led Ir,57000,60000,5%,Generic,N/A,N/A,Electronics
LG 5W XBOOM Portable & Powerful Bass Speaker (AUD 2TBK),44380,53260,17%,LG,4.4,34,Electronics
Royal 50 Inches 4k UHD Google TV (RTV50GT8W) + 1 Year Warranty,329999,424130,22%,Royal,4.4,112,Electronics
Royal 32 Inches Smart LED TV (RTV32GF3H) + 1 Year Warranty,166400,199680,17%,Royal,4,693,Electronics
Duravolt DV 2000VA Relay Automatic Voltage Stabilizer,51909,69000,25%,N/A,4.2,607,Electronics
Amani 43”UHD ANDROID SmartTV Netflix YouTube Apps Free Gift Inside,216990,1257890,83%,Amani,4,118,Electronics
Mi+ 2.1Ch Audio Sound Bar With Subwoofer High Bass,54990,N/A,N/A,Mi+,4,30,Electronics
Zealot 80W Super Bass Bluetooth Speaker With 16000mAh Battery  S97,118500,200000,41%,Zealot,4,119,Electronics
Qasa 12V 4.5Ah Pin Type Rechargeable Fan Replacement Battery,15990,20999,24%,N/A,4.3,790,Electronics
Sonix 43 Inches  Super HD Android Smart Frameless TV + Wall Hanger,224850,240000,6%,Sonix,4.2,109,Electronics
Cube Light With Clip (LED CUBE LIGHT) X1,7000,N/A,N/A,Generic,3.8,37,Electronics
Royal 43 Inches Smart TV (RTV43E5N) + 2 Years Warranty,224999,336960,33%,Royal,4,31,Electronics
Jbl MG-S20 Wireless Bluetooth Earbuds Earphones Headset,13800,N/A,N/A,Jbl,4.1,40,Electronics
10 Metre HDMI Cable For TV Computer 10m,4300,N/A,N/A,N/A,4.4,108,Electronics
Zealot 80W Super Bass Bluetooth Speaker With 16000mAh Battery S97,118501,160000,26%,Zealot,4.2,58,Electronics
Zealot Wireless Stereo Earphone Zealot Wireless Bluetooth Headset For Gaming,16500,55000,70%,Zealot,3.6,36,Electronics
itel 4 Sockets 1.8Metre Cord Power Strip Extension Box,5950,9000,34%,itel,4.5,172,Electronics
"Amani 55"" 4k UHD ANDROID LED TV+FREE WALL BRACKET-R",368190,1250000,71%,Amani,4.5,41,Electronics
Mini BT Speaker - MP3 TF,4000,N/A,N/A,N/A,4.6,17,Electronics
Hisense 32-Inch Hisense Smart LED TV + Netflix +YouTube,199000,400000,50%,Hisense,4.6,17,Electronics
DMarc Wall Bracket For TV / Television Shelf - 15-32-39-40-42- TV / WALL Hanger/bracket/ 0028,3490,5000,30%,Generic,4.2,204,Electronics
Mi+ MIL60603.1 MULTI MEDIA SPEAKER,52900,53000,1%,Mi+,4.8,15,Electronics
Skyrun 5 Sockets 2 Metre Cord Power Strip Extension Box-Black,7744,13312,42%,Skyrun,4.3,39,Electronics
P9 Bluetooth Noise Cancelling Headphones,6848,13104,48%,Generic,3.1,17,Electronics
CRYSTAL SOUND E66 Portable Bluetooth Speaker,16000,20000,20%,Generic,3.8,37,Electronics
Genres 10Inches LED RingLight 26cm Phone Holder & Tripod,12000,N/A,N/A,N/A,4.4,5,Electronics
Duravolt 2000VA Relay Automatic Voltage Stabilizer (DV-2000),51901,95000,45%,Duravolt,4.3,268,Electronics
Otg Type C To Type A USB 3.0 Android Flash Drive Reader,1599,3500,54%,Otg,4.2,352,Electronics
Beam Laser Pointer Pen,22448,28304,21%,Generic,N/A,N/A,Electronics
Starry Projector Light Astronaut Night Light With Bluetooth Speaker For Party,16000,16160,1%,Generic,3.9,36,Electronics
Wireless MS-T Bluetooth Headphones Headset Hear Ear Pòds Earpòds Earbùds With Bass For àirpods Iphone And Android Phones (STN),10960,N/A,N/A,N/A,3.7,9,Electronics
Polystar FULL HD 24-Inch Tv,81581,190000,57%,Polystar,4,34,Electronics
Desktop Headset Stand Detachable,5320,10110,47%,Generic,4.8,108,Electronics
P9 Wireless Bluetooth Headset Headphone Blue,7300,11540,37%,N/A,3.8,91,Electronics
STONE-TECH TV Guard Voltage Protection,4690,5600,16%,STONE-TECH,4.3,189,Electronics
Guixia T2 Wireless Bluetooth Earphones Noise Reduction Touch Control Spherical OWS Headsets With Mic,6600,14834,56%,Guixia,N/A,N/A,Electronics
Mini Camera Home Surveillance Camera Motion Detection,8570,16280,47%,Generic,3.1,63,Electronics
Zealot 80W Bass Bluetooth Speaker With 16000mAh Battery S97,113500,150000,24%,N/A,4.7,34,Electronics
LG Original Integrated Smart TV Remote (LG),1990,7300,73%,LG,4.2,34,Electronics
Dstv Original Integrated Smart TV Remote(DSTV),1990,3500,43%,Dstv,4.7,35,Electronics
Tedber TS-R800 Soundbar System with Subwoofer – 200W Peak Power Bluetooth 5.1 Adaptive Audio Smart Surround Sound,79800,125000,36%,Tedber,4.1,50,Electronics
SPY Camera For Security Mini Digital Hidden Compact Camera Cctv WiFi HD1080P(Support Night Vision),12687,14393,12%,N/A,N/A,N/A,Electronics
2NLF 2nlf® Double Screen Full HD Security Camera With Alarm,24288,30816,21%,2NLF,N/A,N/A,Electronics
LASA 8K 60hz DP 1.4 To DisplayPort Cable HDR Support 2M,6400,24000,73%,LASA,N/A,N/A,Electronics
LASA 3.5 MM Audio Cable Male To Male - 0.9M,6520,9780,33%,LASA,N/A,N/A,Electronics
Mythco V8 Live Sound Card USB External Audio Mixer For Karaoke Recording Live Broadcast KTV Voice Chat,9999,16999,41%,Mythco,N/A,N/A,Electronics
Starry Projector Light Astronaut Night Light With Bluetooth Speaker For Party,16000,16160,1%,Generic,N/A,N/A,Electronics
LASA USB-C To HDMI 4k@60hz Cable-1.8M,9600,24000,60%,LASA,N/A,N/A,Electronics
LASA AUX AUDIO 3.5MM CABLE CAR ELBOW FLAT MALE TO MALE 1.5M,4830,N/A,N/A,LASA,N/A,N/A,Electronics
LASA 8K Certified Ultra High Speed Hdmi Cable - Black - 3 M,4800,12800,63%,LASA,N/A,N/A,Electronics
Anker Soundcore R50i Waterproof Gaming Earbuds,22998,N/A,N/A,Anker,N/A,N/A,Electronics
2NLF 2nlf® 12mp Three Lens Three Screen Surveillance Camera,39616,87584,55%,2NLF,N/A,N/A,Electronics
Ptz Wifi Ip Mini Camera E27 Bulb Security Surveillance Smart Home Monitoring Cctv Led Ir,57000,60000,5%,Generic,N/A,N/A,Electronics
