Name,Current Price,Original Price,Discount,Brand,Rating,Review Count,Product Category
Dr Teal's Foam Bath Glow & Radiance Vitamin C 34oz,10365,11142,7%,Dr Teal's,4.3,64,Health-beauty
Dove Men+Care Cool Fresh Aerosol Antiperspirant Deodorant 250ml,5170,N/A,N/A,Dove,4.4,11,Health-beauty
NIVEA Dry Impact Roll-on For Men 72h- 50ml (Pack Of 3),5085,6125,17%,NIVEA,4.1,5597,Health-beauty
NIVEA Radiant & Beauty Even Glow Body Lotion For Women - 400ml - Pack Of 2,9660,11635,17%,NIVEA,4,3528,Health-beauty
MATIHO One-piece hair clippers,2848,5456,48%,N/A,3.5,1263,Health-beauty
NIVEA MEN Deep Anti-Perspirant Roll-on For Men 72h - 50ml (Pack of 3),5085,6125,17%,NIVEA,4.1,3712,Health-beauty
NIVEA Pearl & Beauty Anti-Perspirant Roll-on For Women 72h - 50ml (Pack Of 3),4785,6125,22%,NIVEA,4.2,2389,Health-beauty
NIVEA MEN Black & White Invisible Original Anti-Perspirant Roll-on For Men 72h - 50ml (Pack Of 3),4785,6125,22%,NIVEA,4.3,631,Health-beauty
Dr Teal's B/Lot 18Oz Vitamin C,7500,9400,20%,Dr Teal's,4.2,906,Health-beauty
2Black Darkening & Anti-dandruff Unisex Hair Cream(80g),1250,10000,88%,2Black,3.6,4433,Health-beauty
Roushun Vitamin C Serum [Anti-Aging Serum]---30ml,2399,5000,52%,Roushun,3.7,3235,Health-beauty
EAGEAT Unisex Anti Blue Light Protective Computer Screen Glasses,2620,3363,22%,N/A,4,2199,Health-beauty
Kiki New Gain Professional Rechargeable Wireless Hair Clipper With Battery Percentage Display (NG-888B),16200,N/A,N/A,Kiki New Gain,4.1,9208,Health-beauty
NIVEA Perfect & Radiant Body Lotion For Women - 400ml (Pack Of 2),7850,9800,20%,NIVEA,4.1,5465,Health-beauty
NIVEA DoShakara Pack - Nourishing Cocoa Body Lotion - 400ml (Pack Of 3),11450,13320,14%,NIVEA,4.2,1793,Health-beauty
Cotton Club AUD DE PERFUME,2741,2999,9%,N/A,4,267,Health-beauty
TOUPHY Rechargeable Hair Clipper/Hair Cutter/Hair Trimmer/Shaving Machine,3220,32474,90%,TOUPHY,3.5,922,Health-beauty
Green Mask Stick Facial Mask For Black Spots & Pimples,2499,19643,87%,Generic,3.3,1679,Health-beauty
NIVEA MEN Deep Body Lotion  - 400ml (Pack Of 2),8525,9695,12%,NIVEA,4.1,2470,Health-beauty
Blueidea Rugged Cordless Rechargeable Hair & Beard Clipper,7999,20000,60%,Blueidea,3.5,1957,Health-beauty
NIVEA Dry Comfort Roll-on For Women 72h- 50ml (Pack Of 3),5085,6125,17%,NIVEA,4,2694,Health-beauty
MATIHO Rechargeable Metal Simple Style Hair Clipper,3188,6880,54%,N/A,4,215,Health-beauty
Rose G Spot Vibrator Intimate Sucker Vagina Sex Toys,9359,27831,66%,Fashion,4.3,723,Health-beauty
NIVEA Radiant & Beauty Advanced Care Body Lotion For Women - 400ml - Pack Of 2,9660,11635,17%,NIVEA,4.1,1750,Health-beauty
NIVEA Watimagbo Pack- Perfect & Radiant Body Lotion - 400ml (Pack of 3),11770,14695,20%,NIVEA,4.1,2244,Health-beauty
MATIHO USB Panlong Hair Clipper,3040,5808,48%,N/A,3.6,429,Health-beauty
NIVEA Deep Anti-Perspirant Spray For Men 48h - 200ml (Pack Of 2),7965,9595,17%,NIVEA,4.3,1777,Health-beauty
SADOER 8pcs Fruit Face Mask & Anti Wrinkle Moisturizing Skin Care,2850,12950,78%,SADOER,4,1077,Health-beauty
NIVEA Pearl & Beauty Anti-Perspirant Body Spray For Women 48h - 200ml (Pack Of 2),7965,9595,17%,NIVEA,4.3,1549,Health-beauty
NIVEA Nourishing Cocoa Body Lotion For Women - 400ml (Pack Of 2),7805,8880,12%,NIVEA,4.1,4325,Health-beauty
Night Walker Eau De Perfume Natural Spray-60ml,2499,5000,50%,N/A,3.5,431,Health-beauty
The Ordinary Niacinamide 10% + Zinc 1% 30ml,4500,N/A,N/A,Generic,3.8,98,Health-beauty
Minoxidil 5% Hair & Beard Growth With Applicator- New Design 60ML,8000,N/A,N/A,N/A,3.8,245,Health-beauty
Disaar BEAUTY ALOE VERA 99% Soothing - Gel,2499,10000,75%,Disaar,3.7,1652,Health-beauty
Cerave Moisturising Lotion-12 Oz 236 ML,3850,N/A,N/A,Cerave,3.9,699,Health-beauty
Cerave Foaming Cleanser For Normal To Oily Skin 8 Fl Oz/ 236ml,4200,N/A,N/A,Cerave,4.1,350,Health-beauty
L'Uodais Hair Repair Oil Serum + NO°5  Noir + Curl Keeper Spray,6350,10000,37%,L'Uodais,4.1,3430,Health-beauty
itel Multifunction Rechargeable Hair Clipper,15941,28802,45%,N/A,4.1,395,Health-beauty
NIVEA Dry Impact Roll-on For Men 72h- 50ml (Pack Of 2),3590,4085,12%,NIVEA,4.1,3023,Health-beauty
Dr Teal's Body Wash Glow & Radiance Vitamin C 24oz,9000,10500,14%,Dr Teal's,4.4,682,Health-beauty
Arm Blood Pressure Monitor Machine / BP Monitor,12400,N/A,N/A,N/A,3,2,Health-beauty
LCD Display Monitor Measurement Machine Arm Band Type,10250,N/A,N/A,Generic,4,1,Health-beauty
NIVEA Black & White Invisible Clear Anti-Perspirant Roll-on For Women 72h - 50ml (Pack Of 3),4785,6125,22%,NIVEA,4.3,612,Health-beauty
Aichun Beauty Black Facial Mask Whitening Complex + Free Black Head,2399,10000,76%,Aichun Beauty,3.6,2451,Health-beauty
NIVEA Perfect & Radiant 400ml Body Lotion + 50ml Roll-on,5425,6940,22%,NIVEA,3.9,1245,Health-beauty
TOUPHY Hair Clipper/Rechargeable Hair Trimmer/Shaving Machine,9780,20375,52%,TOUPHY,3.6,305,Health-beauty
Minoxidil 5% Hair & Beard Growth With Applicator And Dermaroller Tool East Moon,9000,N/A,N/A,Minoxidil,3.8,176,Health-beauty
The Ordinary Glycolic Acid + Alpha Arbutin,5300,N/A,N/A,Generic,3.9,53,Health-beauty
Pure Black Long Lasting Perfume-100ML,3999,5000,20%,N/A,3.8,461,Health-beauty
Derma Roller Titanium Hair Growth Micro Needle Derma Roller.,2995,9000,67%,Derma Roller,3.9,1296,Health-beauty
Kiki New Gain Rechargeable Hair Clipper Cordless Clipper And Barbing Kits,20500,30000,32%,Generic,4,1233,Health-beauty
NIVEA Sun UV Sunscreen Face Shine Control Cream SPF 50 - 50ml,9065,10920,17%,NIVEA,3.9,64,Health-beauty
Givanas 100%  CARBBEAN VANILLA PERFUME,4300,5000,14%,N/A,3.7,1494,Health-beauty
Pei Mei Facial Serum Set Three Powerful Formulas VC HA Retinol,5450,10000,46%,Pei Mei,4.1,100,Health-beauty
NIVEA Sun UV Sunscreen Face Shine Control Cream SPF 50 - 50ml (Pack of 2),17065,21840,22%,NIVEA,4.5,58,Health-beauty
NIVEA Dry Impact Anti-Perspirant Spray For Men 72h - 200ml (Pack Of 2),7965,9595,17%,NIVEA,4.2,811,Health-beauty
NIVEA Perfect & Radiant Even Tone Day And Night Cream For Women - 50ml,11830,17300,32%,NIVEA,4.1,914,Health-beauty
Kiki New Gain Rechargeable Hair Clipper With Long Lasting Battery 2000mAh,16200,N/A,N/A,N/A,4,2239,Health-beauty
Copaci 24kunisex Perfume 30ml,3350,5250,36%,N/A,3.7,44,Health-beauty
Nature Field 12 In 1 Essential Miracle Hair Oil 100ml,3390,9900,66%,Nature Field,3.7,191,Health-beauty
Kinoki Cleansing Detox Foot Pads - 10 Pieces,1730,5000,65%,Kinoki,3.9,301,Health-beauty
Cerave Moisturising Lotion & Cerave Foaming Cleanser For Normal To Oily Skin 8 Fl Oz/ 236ml,7500,N/A,N/A,Cerave,4.1,166,Health-beauty
Pei Mei Brightening Vitamin C Serum/Anti-acne,2197,5000,56%,Pei Mei,3.7,2167,Health-beauty
Minoxidil Hair Increase Oil - Hair Treatment - Beard And Hair Growth,5999,28000,79%,N/A,3.7,661,Health-beauty
Anti Blue RaysAnti Blue Light Blocking Glasses,2495,9000,72%,Generic,3.9,1658,Health-beauty
Huameisi USB Wireless Rechargeable Hair Clippers Professional Hair Cutting Tools Battery Display,15974,26552,40%,Huameisi,4,145,Health-beauty
itel Hair Straightener Brush D26,5232,17266,70%,itel,4.2,156,Health-beauty
Balila Unisex Perfume,2799,10000,72%,N/A,3.9,220,Health-beauty
Pei Mei Retinol C Serum Face Anti-Acne Moisturizer Anti-Aging,2220,5000,56%,Pei Mei,3.6,1041,Health-beauty
Hot Hair Straightener Comb,6643,10000,34%,Generic,3.6,169,Health-beauty
Kiki New Gain Rechargeable Hair Clipper Cordless Clipper  And Barbing Kits,20500,30000,32%,Generic,4,529,Health-beauty
Biore Wonderful UV Aqua Rich Watery Essence Sunscreen SPF 50 (50ml)--2PCS,5799,10000,42%,Biore,4.1,360,Health-beauty
Eden Extra Whitening Apricot Scrub For Face And Body,4250,10000,58%,Eden,4,318,Health-beauty
Tinkle Eyebrow Razor 3 Pcs/set,799,2500,68%,Tinkle,4,1409,Health-beauty
Alpha Arbutin 2% + HA,4000,N/A,N/A,Generic,3.7,180,Health-beauty
LZDUATAN Bullet Female GSpot Vibrator For Adult Sex Toy,2738,3451,21%,LZDUATAN,3.6,1294,Health-beauty
Minoxidil 5% Hair & Beard Growth With Applicator And Dermaroller Tool,10501,N/A,N/A,Minoxidil,3.9,206,Health-beauty
NIVEA Radiant & Beauty Advanced Care Body Lotion For Women - 400ml,5685,5820,2%,NIVEA,4,875,Health-beauty
Kiki New Gain Rechargeable Professional Hair Clipper NG-699plus,16800,18000,7%,Generic,4,324,Health-beauty
Nutrex Research Lipo 6 Black Ultra Concentrate Fat Destroyer WEIGHT LOSS,14500 -  29000,N/A,N/A,N/A,4.1,136,Health-beauty
Handheld Fascia Massage Gun Muscle Relaxation With 4 Heads,15086,27112,44%,Generic,4.2,471,Health-beauty
Mens Hair Clippers Kit For Barber With LED Display,15456,27193,43%,Generic,4,134,Health-beauty
NIVEA MEN Deep Aftershave Lotion - 100ml,3440,3525,2%,NIVEA,4.3,425,Health-beauty
Arm Blood Pressure Monitor Machine / BP Monitor,12399,N/A,N/A,N/A,2,4,Health-beauty
Biore UV Aqua Rich Watery Essence Sunscreen SPF 50 (50ml),3499,N/A,N/A,N/A,3.9,3720,Health-beauty
Rechargeable Hair ClipperHair CutterHair TrimmerShaving,7500,9000,17%,N/A,4,123,Health-beauty
Neutrogena Hydro Boost Water Gel Hyaluronic Acid 1.7 Oz/ 48g,6500,25000,74%,Neutrogena,4.3,159,Health-beauty
20 Speed Magnetic Wand Vibrator For Women--BLACK,6995,35000,80%,Generic,4.1,271,Health-beauty
Minoxidil 5% Hair & Beard Growth With Applicator And Dermaroller Tool East Moon,9999,N/A,N/A,N/A,3.8,84,Health-beauty
Inspire Perfume Fragrance INSPIRE EAU DE PARFUM 100ml,4500,7600,41%,N/A,3.7,684,Health-beauty
Cerave AM Facial Moisturiz-ing Lotion With Sunscreen SPF 30 Repair Sensitive Skin 89ml,4261,7096,40%,N/A,3.6,105,Health-beauty
Rose Vibrator Vagina Clit Sucker Female Couple Sex Toy,9400,25220,63%,Generic,4.3,283,Health-beauty
Sonar Professional And Very Durable Hair Straightener,10400,N/A,N/A,Sonar,4.3,781,Health-beauty
iYOWEI USB Rechargeable Hair Clipper-Gold,2916,6642,56%,iYOWEI,3.5,903,Health-beauty
Mediana 5-in-1 Mediana Hair Care Bundle,9450,13000,27%,Mediana,4,1265,Health-beauty
Pure Black And Wishbone  Long Lasting Perfume,6250,9000,31%,N/A,3.9,460,Health-beauty
Biore UV Aqua Rich Watery Essence Sunscreen SPF 50 (50ml),3199,N/A,N/A,N/A,4.2,78,Health-beauty
10 Piece Professional Styling Hair Comb Set,2100,5000,58%,Generic,4,2109,Health-beauty
Nebulizer Respiratory Portable Handheld Atomizer Adults Kids Machine,9900,N/A,N/A,N/A,N/A,N/A,Health-beauty
Nova Rechargeable Hair Clipper (NS 216),4799,6000,20%,N/A,3.4,1521,Health-beauty
NIVEA Cool Kick Anti-Perspirant Roll-on For Men 48h - 50ml (Pack Of 3),5085,6125,17%,NIVEA,4.3,551,Health-beauty
Biore 2PCS UV Aqua Rich Watery Essence Sunscreen SPF 50 (50ml),5800,N/A,N/A,Biore,4.1,885,Health-beauty
Rose Water Virginia Green Garden Skincare - 450ml,2900,10000,71%,Rose Water,4,206,Health-beauty
Anua Niacinamide 10% + TXA 4% Dark Spot Correcting Serum -30ml,5999,17000,65%,Anua,3.9,85,Health-beauty
Arm Blood Pressure Monitor Machine / BP Monitor,12499,N/A,N/A,Generic,4.1,60,Health-beauty
NIVEA Nourishing Cocoa Body Lotion For Women - 400ml,4340,4440,2%,NIVEA,4.2,341,Health-beauty
Water Oil Based Sex Anal Vagina Lubricant- 200ML,2999,N/A,N/A,Generic,4.3,195,Health-beauty
Cerave Blemish Control Cleanser 236ml,3950,N/A,N/A,Cerave,3.7,2935,Health-beauty
Kojic Plus + Body Plus Lightening Face And Body Scrub,3999,10000,60%,Kojic,4.1,74,Health-beauty
itel Rechargeable Smart Trimmer,8000,14912,46%,N/A,4.2,101,Health-beauty
Temptation EAU DE PARFUM TEMPTATION 100ML FOR MEN,4450,7000,36%,N/A,3.9,712,Health-beauty
Oraquick Test Kit (SALIVA USE) Oral Self Test,2396,7000,66%,Oraquick,4.3,241,Health-beauty
NIVEA Perfect & Radiant Luminous630 Anti Dark Marks Serum 30ml & Anti Dark Marks Day Cream SPF50 (bundle Pack),14255,22450,37%,NIVEA,4,1243,Health-beauty
LZDUATAN USB Rose Vibrator Vagina Clitoris Sucker,9499,21304,55%,N/A,4.3,649,Health-beauty
LZDUATAN Silicone Penile Simulated Women Masturbation Stick,5490,6999,22%,N/A,3.8,216,Health-beauty
NIVEA Pearl & Beauty Anti-Perspirant Roll-on For Women 72h - 50ml (Pack Of 2),3190,4085,22%,NIVEA,4.2,1085,Health-beauty
iYOWEI Metal Vintage Cordless Rechargeable Hair Clipper,6500,10992,41%,iYOWEI,3.9,242,Health-beauty
Nova 2 In 1 Hair Straightener And Curler With Hand Dryer - Pink,8485,12000,29%,Nova,3.6,3302,Health-beauty
SADOER 12pcs Fruit Face Mask & Anti Wrinkle Moisturizing Skin Care,4899,7000,30%,SADOER,4.2,635,Health-beauty
Boos BlACK Unisex Perfume,2500,5000,50%,N/A,3.6,71,Health-beauty
