Name,Current Price,Original Price,Discount,Brand,Rating,Review Count,Product Category
0-3 Years Baby Boys Summer Clothes Set MINI BOSS Short Sleeve Tops Ripped Shorts,16608,27664,40%,N/A,3.8,104,Baby products
HOT Automatic Portable Silicon Milk Pump Wireless Rechargeable Single Electric Breast Pump,19800,24750,20%,Generic,4,71,Baby products
Catpapa 0-5Years Baby Girls Long Sleeve Tees With Skirt,8000,20800,62%,N/A,4.5,2,Baby products
Figures Dolls  LED Colorful Glowing Teddy Bear Stuffed  Toy,7889,15102,48%,Generic,4,13,Baby products
Brand New Anti-leakage Diapers Adjustable Cloth Diapers-M,28000,35000,20%,Generic,5,1,Baby products
2025 RC Long Range Aircraft With 2 Batteries,80000,86000,7%,Generic,3.8,6,Baby products
30Pcs 250ml Breast Milk Storage Bags,6395,13500,53%,Generic,4.6,57,Baby products
Catpapa 3-24Months Baby Girls Long Sleeved Dress With Headband Flutter Sleeve Cartoon Rabbit Printing,8000,20800,62%,N/A,4.5,2,Baby products
Patterned Convenient Baby Bed With Net,10200,N/A,N/A,Generic,4,117,Baby products
Catpapa 3Pcs 0-3Years Baby Boy Stripe And  Checkerboard Tees,8000,20800,62%,N/A,4.3,3,Baby products
Low Noise Intelligent Automatic Wearable Wireless Rechargeable Single Electric Breast Pump,32800,39040,16%,Generic,4.6,27,Baby products
Intelligent Automatic Portable Wireless Rechargeable Wearable Single Electric Breast Pump,22770,24750,8%,Generic,4.8,5,Baby products
VEJARO BC002 Infant Baby Clothes Sets Pattern Penguin-Blue,10800,N/A,N/A,N/A,4,237,Baby products
Play Pad Learning Toy Tablet For Children,6900,11999,42%,Generic,5,1,Baby products
Baby Feeding Bottle Breast Milk Extractor (BPA Free) 150ml Manual Breast Pump,8750,29000,70%,Generic,4.5,17,Baby products
Baby Carrier Travel Baby Wrap Carrier/Baby Carrier,10800,16700,35%,N/A,3.5,22,Baby products
Baby Feeding Bottle Set Breast Milk Pump Intelligent Double Electric Breast Pump,26950,52500,49%,Generic,4.1,55,Baby products
Baby Bed With Free Carrier And Bag With Mosquito Net,14300,N/A,N/A,Generic,3.2,30,Baby products
Catpapa 0-18Months Baby Girls Bodysuit With Pants And Headband,8000,20800,62%,N/A,4,2,Baby products
5Pcs Baby Dot Nappy Changing Bags Set Mummy,18810,24255,22%,Fashion,4.3,26,Baby products
Willbaby 6-ways Adjustable Ergonomic Baby Carrier (3.5-13kg),18500,N/A,N/A,N/A,4.3,66,Baby products
Baby Multifunctional Maternity BagLarge Capacity Baby Care Bag,18460,25850,29%,Fashion,4,41,Baby products
Bottle Warmer Milk Heat Keeper USB,11962,21091,43%,Generic,3.6,27,Baby products
0-18 Months Baby Boy Summer Short-sleeve Bodysuit Solid Color Shorts,10928,18224,40%,N/A,4.2,10,Baby products
Catpapa 0-18Months Baby Girl Summer Ribbed Bodysuit Floral Pants Set,8527 -  12176,22144,61%,N/A,4.1,50,Baby products
Catpapa Baby Girls Bodysuits With Headband Bowknot Tulle Hemline,8000,20800,62%,N/A,N/A,N/A,Baby products
11 Pieces New Born Overall Sleep Suits Bib Flannelcap.,11000,N/A,N/A,N/A,4.5,29,Baby products
2pcs Top And Trouser For Girl Baby Girl Pant Trouser,8900,N/A,N/A,N/A,4,154,Baby products
Mastela Baby Electric Swing Mastela 3 In 1 Function,109000,N/A,N/A,Mastela,4.6,33,Baby products
Baby Bath Set And Bed Net BathTowel Baby Socks And Cap-Blue,39800,43800,9%,Generic,4.8,12,Baby products
Children's Printed Short-Sleeved Printed Shirt + Shorts Suit,10530,25207,58%,N/A,3.7,3,Baby products
Breast Nipples Protector Cover Breastfeeding Nipple Shield,2495,8500,71%,N/A,4.7,11,Baby products
Newborn Baby Bottle Starter Set - Blue,6500,8000,19%,Generic,4.2,19,Baby products
Baby Carriers With Head Protector - Gray,13500,17000,21%,N/A,4.1,17,Baby products
Unique Baby Feeding Bottle Gift Set + 12 In 1 Baby Comb,10000,11000,9%,Generic,4.5,31,Baby products
2 In 1 Absorbent Towels -Big And Small,6499,N/A,N/A,Generic,N/A,N/A,Baby products
10 Pcs New Born Baby Nail Hair Care (Nail Cutter),7000,7450,6%,Generic,4.5,32,Baby products
11 Pieces New Born Overall Sleep Suits Bib Flannelcap.,11700,N/A,N/A,N/A,4.1,72,Baby products
Catpapa 3-24Months Baby Boy 2pcsCoconut Tree Print Shirt With Shorts,10880,19792,45%,N/A,4.4,8,Baby products
10 In 1 Unisex New Born Bodysuits Gift Pack (0-9mths),11300,N/A,N/A,N/A,4.1,29,Baby products
10 In 1 Unisex New Born Bodysuits Gift Pack (0-9mths),11300,N/A,N/A,N/A,4.1,29,Baby products
10 In 1 Unisex New Born Gift Pack (Bodysuits) - Pink Variant,10999,N/A,N/A,N/A,3.6,10,Baby products
Cussons Baby Mild & Gentle Bathing Gift Set(8 Pieces),9999,N/A,N/A,Generic,4.3,7,Baby products
Catpapa 3Pcs 1-12Months Baby Girls Bodysuit With Pants And Headband,8000,20800,62%,N/A,3,1,Baby products
Breast Milk Storage Bags (30Pcs),6900,N/A,N/A,Generic,4.9,9,Baby products
Newborn Beanie Cap + Mittens + Socks Set,2950,N/A,N/A,Generic,4.3,32,Baby products
Infant Girl Rose Floral Short Sleeve Bodysuit Ruffle Suspender Skirt,16160,26928,40%,N/A,4,47,Baby products
BB-P1 Wearable Electric Breast Pump 240ml24mm Flange1 Set,37700,70933,47%,Generic,4.5,94,Baby products
Baby Gentleman Short Sleeve Bodysuit + Suspender Pants,12368,23984,48%,N/A,4.4,38,Baby products
12 Pairs -  Beautiful New Born Baby Unisex Shoe,17000,N/A,N/A,Generic,3.8,5,Baby products
Electric Remote Control Helicopter,32800,35000,6%,Generic,2.5,4,Baby products
Catpapa 0-18Months Baby Girls Flower Printing Bodysuit With Headband,8000,20800,62%,N/A,5,1,Baby products
Intelligent Cactus Interactive Learning and Musical Toy,8085,24750,67%,Generic,4.3,6,Baby products
Feeding Pillow Baby Nursing Pillows For Newborn Breastfeeding,8500,N/A,N/A,N/A,4.2,47,Baby products
Baby Girls Outfit Set Letter Short Sleeves Bodysuit Polka Dot Shorts Headband,16000,20000,20%,N/A,4.2,189,Baby products
Baby Walker With And Music,36000,N/A,N/A,Generic,4.3,24,Baby products
Infant Baby Girl Embroidery Flowers Pink Short Sleeves Princess Dress,15600,26000,40%,N/A,4.2,62,Baby products
Catpapa 0-24 Months Baby Boy Animal Print Shirt +Starp Pants 2PCS,12336,22448,45%,N/A,5,2,Baby products
Lansinoh Lanolin Nipple Cream (10ml),7500,N/A,N/A,Lansinoh,4.2,84,Baby products
Convertible   Multi-functional  Safe 2 In 1 Baby  Walker,49000,N/A,N/A,Generic,4.3,7,Baby products
2pcs Breast Milk Collector Extractor Saver Catcher Wearable Nipple Protectors Breast Feeding Nursing Cup BPA Free,6995,18500,62%,Generic,3.3,3,Baby products
Molfix Mini Diaper Size 2 - 10 x1,1207,N/A,N/A,N/A,3.7,3,Baby products
Breast Pad  6 Washable Pads Includes Laundry Bag,2800,N/A,N/A,Generic,3.6,88,Baby products
Silicone U-Shape Kids Manual Toothbrush X2pcs,2900,5000,42%,N/A,3.4,10,Baby products
Folding Potty Training PVC Upholstered Seat With Step Ladder,23100,46679,51%,Generic,4.8,5,Baby products
Baby Boys Lovely Clouds Design Long Sleeves Clothes Set,17008,28336,40%,N/A,4.3,43,Baby products
Catpapa 3Pcs 3-18Months Baby Boys  Bodysuit With Overall And Hat,8000,20800,62%,N/A,5,1,Baby products
6pairs Beautiful Design Unisex New Born Till Gown Up Socks,5300,6000,12%,Fashion,4.8,11,Baby products
Baby Bath Set 7pcs - Blue + Baby Bed Net - Blue,28700,N/A,N/A,N/A,5,5,Baby products
Electric Hands Free Breast Pump Wearable Breast Pump,28000,28660,2%,Generic,3.8,12,Baby products
Catpapa 0-6Months Baby Girls Lace Heart Shape Print Dress,7680,20800,63%,N/A,N/A,N/A,Baby products
Baby Toilet Seat  Aid Cushion-Pink,5728,33920,83%,Generic,3.8,13,Baby products
Car Cart Pad For Children Chair Seat Cushion Infant Safe.,19999,N/A,N/A,Generic,4.8,6,Baby products
Portable  Insulated Thermal Lunch Bag,3499,5000,30%,Generic,3.3,3,Baby products
Catpapa 3Pcs 0-24Months Baby Girls Tees With Shorts And Headband,7680,20800,63%,N/A,N/A,N/A,Baby products
Kids Learning Talking Flash Cards With Writing Tablet,17500,19900,12%,Generic,4.3,7,Baby products
Newborn Baby Gift Set 3 Longsleeve Overall+4 Socks+3 Towels,13300,N/A,N/A,N/A,4.6,13,Baby products
Catpapa 0-12Months Baby Girl 2pcs Flower Print Bodysuit + Mesh Skirt,7680,20800,63%,N/A,1,1,Baby products
Back To School Children Insulated Lunch Bag,5999,N/A,N/A,N/A,4,3,Baby products
Baby Girl 6 In 1 Small Band Hair Accessories - Multi,3500,N/A,N/A,N/A,5,2,Baby products
Nestle Cerelac Maize Care 3 Tin 400g,6640,N/A,N/A,Nestle Cerelac,4.1,21,Baby products
Foldable Children Toilet/Potty Seat/Training Ladder Chair,18975,22539,16%,Generic,4.5,32,Baby products
Catpapa 0-18Months Baby Girls  Bodysuit With Shorts And Headband,8000,20800,62%,N/A,5,1,Baby products
11 Pieces New Born Overall Sleep Suits Bib Flannelcap.,11000,N/A,N/A,N/A,3.7,15,Baby products
12 Washable Baby Diapers  Diaper Nappy Training Pant,10999,N/A,N/A,N/A,3.7,3,Baby products
Baby Carrier Travel Baby Wrap Carrier/Baby Carrier,10800,11800,8%,N/A,3.9,60,Baby products
Catpapa 0-3Years Baby Boys Long Sleeve Shirt With Pants,8000,20800,62%,N/A,N/A,N/A,Baby products
Infantino 4-in-1 Convertible Baby Carrier (3.6 -14.5kgs),27300,N/A,N/A,N/A,4.7,16,Baby products
Moko Isopropyl Alcohol -200ml,2799,N/A,N/A,Moko,4.3,8,Baby products
Convertible   Multi-functional  Safe 2 In 1 Baby  Walker,50000,N/A,N/A,Generic,3.9,23,Baby products
Baby Food Feeder Fruit Feeder Pacifier,3800,7000,46%,Generic,4,15,Baby products
SSOFT7 Tumeric With Honey Soap,3800,N/A,N/A,N/A,5,4,Baby products
Baby Walker With  Music,78000,N/A,N/A,Generic,4.4,35,Baby products
Big Back Relax Baby Infant Sofa Support Sitter Seat Learning Sitting For Pillow Cushion,33999,36000,6%,Generic,5,1,Baby products
Portable Baby CribBaby Travel Bed With Mosquito Netcradle,26200,45200,42%,Generic,4,14,Baby products
Baby Girl New Born Comfortable AntiSlip Princess Shoes,1999,N/A,N/A,N/A,3.3,15,Baby products
5 Piece Baby Receiving Blankets And Flannels,8650,N/A,N/A,N/A,4,47,Baby products
2pcs Top And Trouser Baby Girl Pant Trouser Quality Fabric,8900,N/A,N/A,N/A,3.9,58,Baby products
Newborn Moveable  Umbrella Shape Mosquito  Net,6300,8400,25%,N/A,3.8,8,Baby products
Newborn Infant Baby Swaddle Baby Wrap Blanket,13500,24000,44%,N/A,4,2,Baby products
Play Pad Learning Toy Tablet For Children,7200,15000,52%,Generic,4.1,77,Baby products
Catpapa 3-24Months Baby Girls Long Sleeved Shirt With Pants  Letter Printing,8000,20800,62%,N/A,4,1,Baby products
6 Washable Baby Clothes Diapers  Panties + 1 Free Gift Bag,12500,14000,11%,N/A,1,1,Baby products
150ML 2 In 1 Massage Manual Breast Pump/Nursing Mother Breast Milk Pump.,9700,12300,21%,Generic,4.1,199,Baby products
Catpapa 0-18Months Baby Girls Flower Printing Bodysuit With Headband,8000,20800,62%,N/A,4,1,Baby products
Sleeveless Baby Girl Big Bow Dress Printed Cotton 2-piece Set With Visor—spliced Circle Set,8160,13360 -  13968,42%,N/A,3.8,31,Baby products
Newborn Infant Baby Swaddle Baby Sleeping Wrap Blanket,7250,16226,55%,Generic,4.4,17,Baby products
Catpapa 3-24Months Baby Girls Butterfly Printing Top With Pants,8000,20800,62%,N/A,N/A,N/A,Baby products
Catpapa 3-24 Months Baby Boy Summer Plain Color Cotton Clothes Set,10442 -  14912,22784,54%,N/A,4,39,Baby products
Little Angel Thick & Fluffy Baby Wipes - 125 Count X 3,6900,7000,1%,Little Angel,4.6,22,Baby products
Foreversoul Baby Proofing Safety Helmet Head Protector For Walking Crawling,8500,15000,43%,N/A,4.1,16,Baby products
New Born 4 In 1 Baby Cap With Rope,6900,N/A,N/A,N/A,4.3,22,Baby products
Complete Natural Feeding Bottle Set For Newborn (Cihoco),19000,N/A,N/A,Generic,4,25,Baby products
New Born 8 In 1 Pieces Arrival Wears For Boy And Girl,8900,N/A,N/A,N/A,3.8,4,Baby products
Catpapa 3-24Months Baby Boys Vest With Ankle-tied Pants Cartoon Printing,7680,20800,63%,N/A,5,1,Baby products
Manual Breast Pump With Pipe,9000,N/A,N/A,N/A,3.9,16,Baby products
Catpapa 0-3Years Baby Girls Letter Printing Hoodie With Jogger Pants,8000,20800,62%,N/A,5,1,Baby products
Baby  Set Of Feeders,10500,N/A,N/A,Generic,3,3,Baby products
Baby Bed Crib Cot Mosquito Insect Mesh Net,4500,9000,50%,N/A,3.3,7,Baby products
6 Way Baby Carrier,14500,N/A,N/A,Generic,3.6,13,Baby products
