Name,Current Price,Original Price,Discount,Brand,Rating,Review Count,Product Category
ADIDAS Adilette Aqua Slides Women,16478,36618,55%,N/A,4,77,Fashion
TOUPHY T-Shirts +Shorts 100% Cotton Men's Short Sleeve Set-White,9600,10832 -  30000,68%,N/A,3.4,1612,Fashion
Six Pieces-in-1 Quality Ankle Socks,1550,4000,61%,N/A,4.1,9883,Fashion
4 In 1 Boxers For Men (Medium And Small WAISTS ONLY),2800,N/A,N/A,N/A,3.1,419,Fashion
TOUPHY T-Shirts +Shorts 100% Cotton Men's Short Sleeve Set-Black,8416,16496,49%,N/A,3.1,574,Fashion
Curren Exotic Leather Strap Military Sports Men Watch-Coffee Brown,5499,N/A,N/A,N/A,3.7,637,Fashion
ASHION Martin Boots: Sleek Durable And Stylish Footwear For Every Occasion!,18200,31372,42%,N/A,3.9,412,Fashion
"STY 15.6"" Men Bags Backpack Oxford Cloth Bag Red Dot Rucksack - Grey",9064,16100,44%,N/A,3.2,176,Fashion
Monospec Sneakers - White,11799,18500,36%,N/A,4,4514,Fashion
2 Pieces  Leather Automatic Buckle Belt - Black And Golden,6110,9479,36%,Generic,3.8,652,Fashion
ASHION 2024 Men's Casual Shoes Big Size 39-48,11900,20354,42%,N/A,4.2,2441,Fashion
Ladies Panties Set Of 6 In 1,4997,N/A,N/A,N/A,3.5,615,Fashion
Mateamoda Men Shoes Sneakers Sport Shoes Running Sneakers Casual Shoes  Welcome To Smark,4830,8179,41%,N/A,3.7,650,Fashion
BINBOND Men's Watch Fashion Waterproof Sport Quartz Business Watch,12800,15888,19%,BINBOND,3.9,617,Fashion
GALUIN GALUIN 2024 Mens Casual Board Shoes Running Sneakers - Black,13100 -  13920,21264,38%,N/A,3.8,376,Fashion
Leather Belt Vintage Metal Hip Hop Punk Luxury,26000,32000,19%,Generic,4.3,4,Fashion
ASHION 2024 Men's Casual Shoes Big Size 39-48 - Black,11900 -  11904,21112 -  21120,44%,N/A,4.4,155,Fashion
Women Canvas Shoulder Shopping Tote Bag Ladies Handbag,5699,9000,37%,Fashion,3.6,337,Fashion
ALagzi 2024 Men Casual Noble Running Sneakers - Black/Gold,7840 -  12000,13568 -  20768,42%,N/A,3.9,1897,Fashion
Lauber WM - Blue & White,13980,18890,26%,N/A,4.2,428,Fashion
ORIGINAL Condom Boxers For Men- 3pcs,5950,N/A,N/A,N/A,3.7,320,Fashion
Riapawel 4 PCS Bohemian Beaded Bracelets,2834,4057,30%,Fashion,4,464,Fashion
TOUPHY Men's Slip On Sneakers Driving Shoes - White,12000,20000 -  20464,41%,N/A,4,538,Fashion
GALUIN GALUIN Men's Trendy Casual Sneakers - White,13440,21264,37%,N/A,3.9,190,Fashion
Sexy Ladies Panties Set Of 6pcs,2900 -  3700,N/A,N/A,N/A,3.4,277,Fashion
Men's Fashion Shorts And T-shirt Set -2 Pieces - Black,7986 -  8807,11270,29%,N/A,3.2,91,Fashion
Men's 2-in-1 Short Sleeved T-shirt&Shorts Set - Black,8752,15616,44%,N/A,3.2,285,Fashion
"DS Stone Iced Men""s Wristwatch Hand Chain",14990,17990,17%,Fashion,3.9,386,Fashion
Mateamoda Men Shoes Sneakers Sport Shoes Running Sneakers Casual Shoes,5120,9300,45%,N/A,3.7,35,Fashion
BLWOENS Fashion Lace Up Sneakers Men's Fashion Shoes-Black,2268,4804,53%,N/A,3.7,289,Fashion
Men's Comfortable Casual Flip-flops Men's Slippers Beach Shoes - Black,5053,8965,44%,N/A,3.2,58,Fashion
Buckle Palm Slippers Black,6500,8000,19%,N/A,3.6,64,Fashion
Men's Long Sleeve Plaid Shirt- Blue,8000,9584,17%,N/A,3.3,211,Fashion
Geneva Couple Watches Women Casual Silicone Band Quartz Watch Jewelry Set,6464,9904,35%,Fashion,3.7,79,Fashion
Men's Fashion 2-in-1 Short Sleeved Long Pants Set - White,9600,15008 -  15616,39%,N/A,3.1,94,Fashion
ALagzi Men's Outdoor Fashion Casual Sports Shoes - Brown,12160,20816,42%,N/A,4,303,Fashion
Lauber WM - Black And White Shoes,13980,18890,26%,N/A,4.1,1282,Fashion
Mateamoda Men Running Sport Sneakers,5572,8320,33%,N/A,3.7,987,Fashion
BLWOENS Womens Casual Shoes Running Sneakers - Black,2378,7904,70%,N/A,3.8,53,Fashion
BLWOENS Womens Casual Shoes Running Sneakers - Black,2378,7904,70%,N/A,3.9,22,Fashion
ASHION Lightweight Sling Backpack Durable Crossbody Bag With Multiple Pockets For Travel & Daily Use,6900,17000,59%,ASHION,N/A,N/A,Fashion
2-in-1 Men's Fashion Short Sleeve Set M Printed T-shirt And Shorts Set - White,8000,11200,29%,N/A,N/A,N/A,Fashion
Men's Comfortable Casual Flip-flops Men's Slippers Beach Shoes - Black,5053,8965,44%,N/A,N/A,N/A,Fashion
NGUVU NGUVU Celebrity Style Luxury Fashion Unisex Sunglasses,6577,12150,46%,NGUVU,N/A,N/A,Fashion
Men's Polo Shirt Business Casual T-shirt - White,6608,11600,43%,N/A,N/A,N/A,Fashion
Three Eye Rome Quartz Women Watch,3993,10063,60%,Fashion,N/A,N/A,Fashion
Seamless Women's Undershirt Soft Comfortable All-Day Support,6440,11753,45%,N/A,N/A,N/A,Fashion
Men's Domineering Bracelet,4500,6500,31%,Generic,N/A,N/A,Fashion
2-in-1 Men's Fashion Short Sleeve Set With Smiley Printed T-shirt And Shorts Set - Black,8811,15593,43%,N/A,N/A,N/A,Fashion
ASHION Men's Elastic Cargo Pants Shorts Nicker Joggers Beach Wear,13904,27808,50%,N/A,N/A,N/A,Fashion
6 Pairs Classic Men Socks Random  Colors Nigeria Timeless Style Value Pack,4192,6800,38%,N/A,N/A,N/A,Fashion
2-in-1 Men's Fashion Short Sleeve Set With Smiley Printed T-shirt And Shorts Set - White,7805,13415,42%,N/A,N/A,N/A,Fashion
LG 5W XBOOM Portable & Powerful Bass Speaker (AUD 2TBK),44380,53260,17%,LG,4.4,34,Fashion
Royal 50 Inches 4k UHD Google TV (RTV50GT8W) + 1 Year Warranty,329999,424130,22%,Royal,4.4,112,Fashion
Royal 32 Inches Smart LED TV (RTV32GF3H) + 1 Year Warranty,166400,199680,17%,Royal,4,693,Fashion
Duravolt DV 2000VA Relay Automatic Voltage Stabilizer,51909,69000,25%,N/A,4.2,607,Fashion
Amani 43”UHD ANDROID SmartTV Netflix YouTube Apps Free Gift Inside,216990,1257890,83%,Amani,4,118,Fashion
Mi+ 2.1Ch Audio Sound Bar With Subwoofer High Bass,54990,N/A,N/A,Mi+,4,30,Fashion
Zealot 80W Super Bass Bluetooth Speaker With 16000mAh Battery  S97,118500,200000,41%,Zealot,4,119,Fashion
Qasa 12V 4.5Ah Pin Type Rechargeable Fan Replacement Battery,15990,20999,24%,N/A,4.3,790,Fashion
Sonix 43 Inches  Super HD Android Smart Frameless TV + Wall Hanger,224850,240000,6%,Sonix,4.2,109,Fashion
Cube Light With Clip (LED CUBE LIGHT) X1,7000,N/A,N/A,Generic,3.8,37,Fashion
Royal 43 Inches Smart TV (RTV43E5N) + 2 Years Warranty,224999,336960,33%,Royal,4,31,Fashion
Jbl MG-S20 Wireless Bluetooth Earbuds Earphones Headset,13800,N/A,N/A,Jbl,4.1,40,Fashion
10 Metre HDMI Cable For TV Computer 10m,4300,N/A,N/A,N/A,4.4,108,Fashion
Zealot 80W Super Bass Bluetooth Speaker With 16000mAh Battery S97,118501,160000,26%,Zealot,4.2,58,Fashion
Zealot Wireless Stereo Earphone Zealot Wireless Bluetooth Headset For Gaming,16500,55000,70%,Zealot,3.6,36,Fashion
itel 4 Sockets 1.8Metre Cord Power Strip Extension Box,5950,9000,34%,itel,4.5,172,Fashion
"Amani 55"" 4k UHD ANDROID LED TV+FREE WALL BRACKET-R",368190,1250000,71%,Amani,4.5,41,Fashion
Mini BT Speaker - MP3 TF,4000,N/A,N/A,N/A,4.6,17,Fashion
Hisense 32-Inch Hisense Smart LED TV + Netflix +YouTube,199000,400000,50%,Hisense,4.6,17,Fashion
DMarc Wall Bracket For TV / Television Shelf - 15-32-39-40-42- TV / WALL Hanger/bracket/ 0028,3490,5000,30%,Generic,4.2,204,Fashion
Mi+ MIL60603.1 MULTI MEDIA SPEAKER,52900,53000,1%,Mi+,4.8,15,Fashion
Skyrun 5 Sockets 2 Metre Cord Power Strip Extension Box-Black,7744,13312,42%,Skyrun,4.3,39,Fashion
P9 Bluetooth Noise Cancelling Headphones,6848,13104,48%,Generic,3.1,17,Fashion
CRYSTAL SOUND E66 Portable Bluetooth Speaker,16000,20000,20%,Generic,3.8,37,Fashion
Genres 10Inches LED RingLight 26cm Phone Holder & Tripod,12000,N/A,N/A,N/A,4.4,5,Fashion
Duravolt 2000VA Relay Automatic Voltage Stabilizer (DV-2000),51901,95000,45%,Duravolt,4.3,268,Fashion
Otg Type C To Type A USB 3.0 Android Flash Drive Reader,1599,3500,54%,Otg,4.2,352,Fashion
Beam Laser Pointer Pen,22448,28304,21%,Generic,N/A,N/A,Fashion
Starry Projector Light Astronaut Night Light With Bluetooth Speaker For Party,16000,16160,1%,Generic,3.9,36,Fashion
Wireless MS-T Bluetooth Headphones Headset Hear Ear Pòds Earpòds Earbùds With Bass For àirpods Iphone And Android Phones (STN),10960,N/A,N/A,N/A,3.7,9,Fashion
Polystar FULL HD 24-Inch Tv,81581,190000,57%,Polystar,4,34,Fashion
Desktop Headset Stand Detachable,5320,10110,47%,Generic,4.8,108,Fashion
P9 Wireless Bluetooth Headset Headphone Blue,7300,11540,37%,N/A,3.8,91,Fashion
STONE-TECH TV Guard Voltage Protection,4690,5600,16%,STONE-TECH,4.3,189,Fashion
Guixia T2 Wireless Bluetooth Earphones Noise Reduction Touch Control Spherical OWS Headsets With Mic,6600,14834,56%,Guixia,N/A,N/A,Fashion
Mini Camera Home Surveillance Camera Motion Detection,8570,16280,47%,Generic,3.1,63,Fashion
Zealot 80W Bass Bluetooth Speaker With 16000mAh Battery S97,113500,150000,24%,N/A,4.7,34,Fashion
LG Original Integrated Smart TV Remote (LG),1990,7300,73%,LG,4.2,34,Fashion
Dstv Original Integrated Smart TV Remote(DSTV),1990,3500,43%,Dstv,4.7,35,Fashion
Tedber TS-R800 Soundbar System with Subwoofer – 200W Peak Power Bluetooth 5.1 Adaptive Audio Smart Surround Sound,79800,125000,36%,Tedber,4.1,50,Fashion
SPY Camera For Security Mini Digital Hidden Compact Camera Cctv WiFi HD1080P(Support Night Vision),12687,14393,12%,N/A,N/A,N/A,Fashion
2NLF 2nlf® Double Screen Full HD Security Camera With Alarm,24288,30816,21%,2NLF,N/A,N/A,Fashion
LASA 8K 60hz DP 1.4 To DisplayPort Cable HDR Support 2M,6400,24000,73%,LASA,N/A,N/A,Fashion
LASA 3.5 MM Audio Cable Male To Male - 0.9M,6520,9780,33%,LASA,N/A,N/A,Fashion
Mythco V8 Live Sound Card USB External Audio Mixer For Karaoke Recording Live Broadcast KTV Voice Chat,9999,16999,41%,Mythco,N/A,N/A,Fashion
Starry Projector Light Astronaut Night Light With Bluetooth Speaker For Party,16000,16160,1%,Generic,N/A,N/A,Fashion
LASA USB-C To HDMI 4k@60hz Cable-1.8M,9600,24000,60%,LASA,N/A,N/A,Fashion
LASA AUX AUDIO 3.5MM CABLE CAR ELBOW FLAT MALE TO MALE 1.5M,4830,N/A,N/A,LASA,N/A,N/A,Fashion
LASA 8K Certified Ultra High Speed Hdmi Cable - Black - 3 M,4800,12800,63%,LASA,N/A,N/A,Fashion
Anker Soundcore R50i Waterproof Gaming Earbuds,22998,N/A,N/A,Anker,N/A,N/A,Fashion
2NLF 2nlf® 12mp Three Lens Three Screen Surveillance Camera,39616,87584,55%,2NLF,N/A,N/A,Fashion
Ptz Wifi Ip Mini Camera E27 Bulb Security Surveillance Smart Home Monitoring Cctv Led Ir,57000,60000,5%,Generic,N/A,N/A,Fashion
