Name,Current Price,Original Price,Discount,Brand,Rating,Review Count,Product Category
Xbox 360 Controller Grip Pad USB Wired Gampad Joystick,11550,21104,45%,Generic,3.6,13,Gaming
Microsoft Xbox 360 Wired Controller Pad - Latest Edition,12450,35000,64%,Microsoft,4.4,14,Gaming
Microsoft Xbox One S/ One X Wireless Bluetooth Controller- 1708- White,74900,120000,38%,Microsoft,4.5,13,Gaming
Microsoft Xbox 360 Wired Controller Pad - Latest Edition-WHITE,12450,65000,81%,N/A,N/A,N/A,Gaming
Microsoft Xbox One Play & Charge Kit(Battery & Charger ),11500,30000,62%,Microsoft,3.6,10,Gaming
Fire TV Stick 4k Xbox  Device,87900,N/A,N/A,Fire,5,1,Gaming
Play & Charge Kit For Official Xbox One Wireless Controller,10300,14000,26%,Generic,3,3,Gaming
360 WIRELESS CONTROL PAD - [BLACK],24999,30000,17%,XBOX,3.7,3,Gaming
Plant vs Zombies,15000,25000,40%,XBOX,N/A,N/A,Gaming
Ac Power Supply Socket Converter Cable Line For Xbox One,8000,12000,33%,XBOX,3,2,Gaming
Microsoft Xbox One S/ One X Wireless Bluetooth Controller- 1708 Model + Charge Kit - Black,74900,115590,35%,Microsoft,4.1,13,Gaming
Xbox Series S Console 512 GB SSD,670000,700000,4%,Generic,N/A,N/A,Gaming
One(Play And Charge Kit) Rechargeable Battery,11500,N/A,N/A,Generic,N/A,N/A,Gaming
LATEST V13 Bluetooth Wireless Gaming Controller Grip Game Pad For Android /Ios / Pc /Ps3,15500,20000,23%,Generic,N/A,N/A,Gaming
EA Sports Fifa 23 - Xbox One,27499,35999,24%,N/A,N/A,N/A,Gaming
Microsoft Kinect Adventures! - Kinect  XBOX360 { Free Region},4000,12000,67%,Microsoft,4,1,Gaming
One Wireless Game Controller,64000,N/A,N/A,Generic,N/A,N/A,Gaming
PLAY & CHARGE KIT FOR XBOX360,9999,10999,9%,XBOX,4.8,4,Gaming
Logitech Astro Wired Gaming Headset Ps4/ Xbox Series X-s - A10,50000,75000,33%,Logitech,5,2,Gaming
Rockstar Games Red Dead Redemption - Xbox 360,10000,N/A,N/A,Rockstar Games,3,2,Gaming
Microsoft Xbox Series X Gaming Console - 1TB SSD - Black,999999,1000000,1%,Microsoft,N/A,N/A,Gaming
Nanco Xbox360 Cc Atari Wireless Controller For XBOX 360,35000,40000,13%,Nanco Xbox360 Cc Atari,N/A,N/A,Gaming
WB Games Batman Arkham Asylum - Xbox 360,7000,N/A,N/A,WB Games,5,2,Gaming
Rockstar Games Grand Theft Auto V - Xbox ONE,25000,40000,38%,Rockstar Games,4.3,4,Gaming
CALL OF DUTY BLACK OPS 1&2 COMBO PACK XBOX 360,8000,N/A,N/A,XBOX,3,1,Gaming
Sony PS2 Wired Controller -2pcs,13400,15000,11%,Sony,N/A,N/A,Gaming
360 WIRELESS CONTROL PAD - [BLACK],24999,45000,44%,XBOX,N/A,N/A,Gaming
Kinectic Electric Kinect Adventures! - Xbox 360,3500,8000,56%,Kinectic Electric,4.8,6,Gaming
GTA Episodes From Liberty City Xbox 360,5000,N/A,N/A,XBOX,3,1,Gaming
360 Kinect Camera/sensor,8000,20000,60%,XBOX,5,1,Gaming
PLAY & CHARGE KIT FOR XBOX 360,9999,11500,13%,XBOX,N/A,N/A,Gaming
Play & Charge Kit For Official Xbox One Wireless Controller,12000,N/A,N/A,Generic,N/A,N/A,Gaming
Activision Call Of Duty: Modern Warfare 2 - Xbox 360 Pal,3500,7000,50%,Activision,1.7,3,Gaming
WIRELESS GAME CONTROLLER BLUETOOTH GAMEPAD VR REMOTE CONTROL MOUSE (VR PARK Y1),9500,11900,20%,Generic,N/A,N/A,Gaming
Rockstar Games GTA V Xbox One - Grand Theft Auto Xboxone,24000,40000,40%,Rockstar Games,3.5,4,Gaming
THQ Nordic Forza Motorsport 2 Xbox 360,3000,8000,63%,THQ Nordic,N/A,N/A,Gaming
Official Xbox Series Controllers[US Spec] - Robot White.,105000,120000,13%,Generic,4.8,6,Gaming
WIRELESS CONTROLLER PAD FOR XBOX 360,24999,32000,22%,N/A,N/A,N/A,Gaming
Activision Call Of Duty Ghost - Xbox360,4800,8000,40%,Activision,N/A,N/A,Gaming
Microsoft Xbox 360 Wired Controller Pad - Latest Edition-BLACK,13500,65000,79%,N/A,N/A,N/A,Gaming
Play & Charge Kit For Official Xbox One Wireless Controller,10300,14000,26%,Generic,N/A,N/A,Gaming
Xbox One/One S Controller Charger [Dual Slot]/Charge Station,10900,15000,27%,Generic,N/A,N/A,Gaming
Dobe Xbox One Vertical Cooling Stand &ncontroller Charging Dock,9980,14000,29%,Dobe,N/A,N/A,Gaming
Microsoft Xbox One S/ One X Wireless Bluetooth Controller- 1708- White,74900,120000,38%,Microsoft,N/A,N/A,Gaming
Microsoft Xbox One S/ One X Wireless Bluetooth Controller- 1708 Model + Charge Kit - Black,74900,115590,35%,Microsoft,N/A,N/A,Gaming
Activision Xbox 360 Call Of Duty: Modern Warfare 3  (PAL),5000,7000,29%,Activision,3,3,Gaming
Wireless Controller For XBOX360,32000,50000,36%,N/A,N/A,N/A,Gaming
Epic Games Gears Of War: Judgment -  Xbox 360,5000,7000,29%,Epic Games,N/A,N/A,Gaming
UBI Soft Assassins Creed Brotherhood & Revelations [2 In 1] - Xbox360,12000,N/A,N/A,UBI Soft,5,1,Gaming
Capcom Dead Rising 3 - Xbox One,13000,30000,57%,Capcom,N/A,N/A,Gaming
Lego Marvel Super Heroes - Xbox360,4500,8000,44%,Lego,5,1,Gaming
Minecraft - Xbox360,3500,7000,50%,N/A,1.5,2,Gaming
Microsoft Xbox Series X Gaming Console - 1TB SSD,1109500,1110000,1%,Microsoft,5,1,Gaming
Electronic Arts FIFA 22 - Xbox One & Series X Electronic Arts,20000,35000,43%,Electronic Arts,N/A,N/A,Gaming
Activision Call Of Duty: Black Ops - Xbox 360,4000,7000,43%,Activision,N/A,N/A,Gaming
EA Sports Need For Speed Rivals : Xbox 360,6000,8000,25%,EA Sports,N/A,N/A,Gaming
Microsoft Xbox One Play & Charge Kit(Battery & Charger ),11500,25000,54%,Microsoft,N/A,N/A,Gaming
NEED FOR SPEED PROSTREET XBOX 360,5500,7000,21%,XBOX,5,1,Gaming
Microsoft Ryse Son Of Rome - Xbox One,19999,24999,20%,N/A,N/A,N/A,Gaming
Microsoft Tom Clancy's Ghost Recon: Wildlands - Xbox One,23999,24999,4%,Microsoft,4.3,3,Gaming
EA Sports Xbox One FIFA 22 {xbox One And Xbox SeriesX},30000,50000,40%,EA Sports,N/A,N/A,Gaming
Microsoft Watch Dogs Legion Xbox One/Xbox Series X,23999,N/A,N/A,Microsoft,3.9,13,Gaming
Activision Call Of Duty - Modern Warfare III - Cross-gen Bundle - Xbox Series X & Xbox One,60000,N/A,N/A,N/A,5,1,Gaming
Activision Call Of Duty: Modern Warfare 3 Xbox 360 Pal,6000,7000,14%,Activision,4.5,4,Gaming
Call Of Duty: Modern Warfare 2 - Xbox360,4000,6000,33%,XBOX,N/A,N/A,Gaming
Microsoft Red Dead Redemption 2 - XBOX One,35999,39999,10%,Microsoft,N/A,N/A,Gaming
Batman: Arkham City For Xbox 360,6500,8000,19%,WB,5,1,Gaming
360 WIRELESS CONTROL PAD - [BLACK],28999,45000,36%,XBOX,4.7,3,Gaming
Call Of Duty: Black Ops II - Xbox 360,6000,8000,25%,XBOX,N/A,N/A,Gaming
A10 Astro Wired Gaming Headset For Xbox Series X-s/PS4/PC,40000,50000,20%,XBOX,5,6,Gaming
Face Breaker Xbox 360,6000,10000,40%,XBOX,N/A,N/A,Gaming
Microsoft Xbox 360 Controller Pad For Official Xbox 360 Console & Windows - White,18500,N/A,N/A,Microsoft,4.5,15,Gaming
Xbox One Power Supply Adaptor,42000,60000,30%,Generic,5,2,Gaming
Microsoft Xbox 360 Wired Controller Pad - Latest Edition,12450,65000,81%,N/A,N/A,N/A,Gaming
UBISOFT Far Cry 3 - Xbox 360,4500,N/A,N/A,UBISOFT,N/A,N/A,Gaming
EA Sports FIFA 12 - XBOX 360 PAL,3500,4000,13%,EA Sports,N/A,N/A,Gaming
Microsoft Xbox One FIFA 21,13999,N/A,N/A,Microsoft,4.8,18,Gaming
Activision Xbox One Call Of Duty Modern Warfare,23000,N/A,N/A,N/A,N/A,N/A,Gaming
Microsoft Wired Controller Pad For Xbox 360  - White,12450,65000,81%,N/A,N/A,N/A,Gaming
Rush: A Disney–Pixar Adventure - Xbox360,8000,N/A,N/A,XBOX,4,1,Gaming
Microsoft Xbox Series S 512GB,650000,700000,7%,Microsoft,N/A,N/A,Gaming
Official Xbox Series Controllers[US Spec] - Carbon Black.,105000,110000,5%,Generic,4.5,8,Gaming
Deep Silver Dead Island: Riptide- Xbox 360,3000,7000,57%,Deep Silver,5,1,Gaming
PLAY & CHARGE KIT FOR XBOX 360,9499,10000,5%,XBOX,4,1,Gaming
Activision Call of Duty: Black Ops III - Xbox One,22000,40000,45%,Activision,N/A,N/A,Gaming
Play & Charge Kit For Official Xbox One Wireless Controller,10300,14000,26%,Generic,N/A,N/A,Gaming
Xbox One/One S Controller Charger [Dual Slot]/Charge Station,10900,15000,27%,Generic,N/A,N/A,Gaming
Dobe Xbox One Vertical Cooling Stand &ncontroller Charging Dock,9980,14000,29%,Dobe,N/A,N/A,Gaming
Microsoft Xbox One S/ One X Wireless Bluetooth Controller- 1708- White,74900,120000,38%,Microsoft,N/A,N/A,Gaming
Microsoft Xbox One S/ One X Wireless Bluetooth Controller- 1708 Model + Charge Kit - Black,74900,115590,35%,Microsoft,N/A,N/A,Gaming
FORZA HORIZON PAL Xbox360,7000,N/A,N/A,XBOX,N/A,N/A,Gaming
Gears Of War 4 XboxOne,20000,28000,29%,N/A,N/A,N/A,Gaming
Activision Call Of Duty Mw3 - xbox360,6000,7000,14%,Activision,N/A,N/A,Gaming
Nanco Xbox360 Cc Atari Wireless Controller For XBOX 360,30000,40000,25%,Nanco Xbox360 Cc Atari,5,2,Gaming
Square Enix Murdered: Soul Suspect - Xbox 360,4500,7000,36%,Square Enix,N/A,N/A,Gaming
Universal wireless Bluetooth sports headset,3984,6806,41%,Generic,N/A,N/A,Gaming
Playstation Fight Night Champi0n - Xbox 360,4000,N/A,N/A,N/A,5,1,Gaming
Capcom Resident Evil 5 Xbox 360,4000,7000,43%,Capcom,4,1,Gaming
AC ADAPTER POWER SUPPLY - Xbox 360,30000,N/A,N/A,XBOX,5,1,Gaming
One Wireless Game Controller Pad PC Bluetooth Gamepad,70000,80000,13%,XBOX,N/A,N/A,Gaming
Microsoft GTA V Grand Theft Auto V - Xbox One,28999,41999,31%,Microsoft,4.8,6,Gaming
UBISOFT Assassin's Creed III - Xbox 360,7000,N/A,N/A,UBISOFT,N/A,N/A,Gaming
EA Sports FIFA 13 - XBOX 360 PAL,5000,6000,17%,EA Sports,N/A,N/A,Gaming
Rare Kinect Sports  Xbox360,4000,15000,73%,Rare,N/A,N/A,Gaming
Halo 4 - Xbox 360,5000,8000,38%,XBOX,N/A,N/A,Gaming
Play And Charge Kit For Xbox 360 Wireless Controller,13000,16000,19%,N/A,4,1,Gaming
Activision CALL OF DUTY; MODERN WARFARE - XBOX ONE,35000,40000,13%,Activision,4.5,2,Gaming
UBISOFT Watchdogs 2 - Xbox One,30000,N/A,N/A,UBISOFT,N/A,N/A,Gaming
XBOX 360 Wireless And Standard Controller - White,32000,48000,33%,Generic,N/A,N/A,Gaming
Techland Call Of Juarez Xbox 360 PAL,7000,N/A,N/A,Techland,N/A,N/A,Gaming
Wolfenstein 2,18000,25000,28%,XBOX,N/A,N/A,Gaming
EA Sports Fifa 16 Xbox 360 PAL,7000,15000,53%,EA Sports,4.6,5,Gaming
Epic Games Gears Of War 2 - Xbox 360,5000,12000,58%,N/A,5,2,Gaming
THQ Nordic SAINT ROW THE THIRD XBOX 360,8000,N/A,N/A,THQ Nordic,N/A,N/A,Gaming
Super Street Fighter Iv Xbox360,5000,7000,29%,XBOX,N/A,N/A,Gaming
BAIWANGLI SX39 Wireless Lavalier Microphones foWireless Noise Canceling Microphone System Portable Collar Clip Mic,40000,50000,20%,N/A,N/A,N/A,Gaming
Play And Charge Kit For Xbox 360 Wireless Controller,12000,18000,33%,N/A,N/A,N/A,Gaming
UBISOFT ASSASSINS CREED II,3500,8000,56%,UBISOFT,4,2,Gaming
Sega Sonic The Hedgehog - Xbox 360,5000,9000,44%,Sega,4.5,2,Gaming
343 Industries Halo 5: Guardians -xboxone,28000,30000,7%,343 Industries,N/A,N/A,Gaming
Capcom Street Fighter IV - Xbox 360,6000,7000,14%,Capcom,5,1,Gaming
Activision Call Of Duty : World At War - Xbox 360,4500,7000,36%,Activision,N/A,N/A,Gaming
Just Cause 3 - Xbox One,20000,40000,50%,XBOX,N/A,N/A,Gaming
Bandai Namco The Witcher 3: Wild Hunt Complete Edition  Xbox Series X,29000,N/A,N/A,N/A,N/A,N/A,Gaming
EA Sports Anthem - Xbox One [Requires Internet],10000,19000,47%,EA Sports,N/A,N/A,Gaming
Activision Call Of Duty: Modern Warfare 3 Xbox 360 - Pal,7000,8000,13%,Activision,N/A,N/A,Gaming
Dobe Xbox One Vertical Cooling Stand &ncontroller Charging Dock,9980,14000,29%,Dobe,5,1,Gaming
Kinectic Electric Xbox One Kinect Sensor,15000,30000,50%,N/A,3.8,4,Gaming
Electronic Arts Mass Effect Legendary Edition - Xbox One Electronic Arts,25000,36000,31%,Electronic Arts,N/A,N/A,Gaming
WB Games Batman: Arkham Knight - Xbox One,24000,40000,40%,WB Games,N/A,N/A,Gaming
Play & Charge Kit For Official Xbox One Wireless Controller,10300,14000,26%,Generic,N/A,N/A,Gaming
Xbox One/One S Controller Charger [Dual Slot]/Charge Station,10900,15000,27%,Generic,N/A,N/A,Gaming
Dobe Xbox One Vertical Cooling Stand &ncontroller Charging Dock,9980,14000,29%,Dobe,N/A,N/A,Gaming
Microsoft Xbox One S/ One X Wireless Bluetooth Controller- 1708- White,74900,120000,38%,Microsoft,N/A,N/A,Gaming
Microsoft Xbox One S/ One X Wireless Bluetooth Controller- 1708 Model + Charge Kit - Black,74900,115590,35%,Microsoft,N/A,N/A,Gaming
